manufacturer,made_in,fx,type,jacks_mounted_on,bypass,battery,voltage,polarity,circuit,tube_equipped,weight_in_kg,famous_users,width_in_cm,height_in_cm,depth_in_cm,gtin_14,additional_fx,based_on_famous_model,series,video,special_features,year,colour,serial_number,manufacturer_part_number,gtin_12,url,name
Electro-Harmonix,USA,Delay,Pedal,Sides,True Bypass,No,9,Center Negative,Digital,No,0.45,Flea,10.2,8.9,12.1,00683274010687,,,,,,,,,,,https://www.tonepedia.com/catalog/effects-and-pedals/delay/1-echo/,#1 Echo
Danelectro,China,Fuzz,Pedal,Top,True Bypass,No,9,Center Negative,Analog,,0.27,,5.8,5.8,11.5,00611820001438,Octaver,FOXX Tone Machine,,,,,,,,,https://www.tonepedia.com/catalog/effects-and-pedals/fuzz/3699-fuzz/,3699 Fuzz
Walrus Audio,USA,Overdrive,Pedal,Sides,True Bypass,No,9,Center Negative,Analog,No,0.27,,6.6,5.8,12.1,00852732006474,,385 Bell & Howell Projector,,,,,,,,,https://www.tonepedia.com/catalog/effects-and-pedals/overdrive-and-boost/385-overdrive/,385 Overdrive
Ibanez,Japan,Fuzz,Pedal,Sides,True Bypass,No,9,Center Negative,Analog,No,0.28,,5.1,5.5,9.2,04515276966906,,Ibanez OD-850,MINI Series,https://www.youtube.com/watch?v=Na3VosxDxuo,,,,,,,https://www.tonepedia.com/catalog/effects-and-pedals/fuzz/ibanez-850-fuzz-mini/,850 Fuzz Mini
BOSS,Taiwan,Acoustic Simulator,Pedal,Sides,Buffered Bypass,Yes,9,Center Negative,Digital,No,0.44,,7.3,5.9,12.9,"04957054401399, 00761294401392",,,,,,,,,,,https://www.tonepedia.com/catalog/effects-and-pedals/acoustic-sim/ac-3-acoustic-simulator/,AC-3 Acoustic Simulator
Earthquaker Devices,USA,Fuzz,Pedal,Top,True Bypass,Yes,9,Center Negative,Analog,No,2.4,,6.3,5.7,11.7,00858933004745,,Sunn Model T,,,,,,,,,https://www.tonepedia.com/catalog/effects-and-pedals/fuzz/earthquaker-acapulco-gold-effects-unit/,Acapulco Gold
Ibanez,Japan,Delay,Pedal,Sides,True Bypass,No,9,Center Negative,Analog,No,0.28,"J Mascis, Tash Sultana",5.1,5.5,9.2,04515276838081,,Ibanez AD9,MINI Series,,,,,,,,https://www.tonepedia.com/catalog/effects-and-pedals/delay/ad-mini/,AD Mini
TC Electronic,China,Chorus,Pedal,Top,True Bypass,Yes,9,Center Negative,Analog,No,0.50,,7.4,5.8,13.2,04033653014953,,,,,,,,,,,https://www.tonepedia.com/catalog/effects-and-pedals/chorus-and-vibrato/afterglow-chorus/,Afterglow Chorus
Earthquaker Devices,USA,Reverb,Pedal,Top,True Bypass,No,9,Center Negative,Digital,No,0.40,,6.4,5.7,12.1,00810019911736,,,,,,,,,,,https://www.tonepedia.com/catalog/effects-and-pedals/reverb/afterneath-v3/,Afterneath V3
Anasounds,France,Tremolo,Pedal,Top,True Bypass,No,9,Center Negative,Analog,No,0.50,,12,8,16,03760257570974,Harmonic Tremolo,,,,Spinner Expression Pedal,,,,,,https://www.tonepedia.com/catalog/effects-and-pedals/tremolo/ages/,Ages
Aguilar,USA,Overdrive,Pedal,Top,True Bypass,Yes,9,Center Negative,Analog,No,0.48,"Mikey Way, Justin Meldal Johnsen, Alex Dean, Dick Lövgren, Paulo Jr., Chris Chaney, Tomasz Wróblewski, Rhonda Smith",6.8,5.3,11.3,04017269239764,,,,,,,,,,,https://www.tonepedia.com/catalog/effects-and-pedals/overdrive-and-boost/agro/,Agro
Analog Alien,USA,Compressor,Pedal,Sides,True Bypass,Yes,9,Center Negative,Analog,No,0.40,,10,5.8,12.2,,,,,,,,,,,,https://www.tonepedia.com/catalog/effects-and-pedals/compression-and-sustain/alien-comp/,Alien Comp
Analog Alien,USA,"Buffer, Fuzz",Pedal,Sides,"Buffered Bypass, True Bypass",Yes,9,Center Negative,Analog,No,0.40,,10.9,6.1,5.3,04018828001914,,,,,,,,,,,https://www.tonepedia.com/catalog/effects-and-pedals/fuzz/alien-twister/,Alien Twister
Darkglass Electronics,Finland,Distortion,Pedal,Sides,True Bypass,No,9,Center Negative,Analog,No,0.25,,7.5,4.5,11.3,06430054580076,,Darkglass Alpha · Omega,,,,,,,,,https://www.tonepedia.com/catalog/effects-and-pedals/distortion/alpha-omicron/,Alpha Omicron
Tone City,China,Chorus,Pedal,Sides,True Bypass,No,9,Center Negative,Analog,No,0.25,,4.2,5.2,9.3,06970131360110,,,Mini Pedals,,,,,,,,https://www.tonepedia.com/catalog/effects-and-pedals/chorus-and-vibrato/angel-wing-chorus/,Angel Wing Chorus
Tate FX,UK,Overdrive,Pedal,Top,True Bypass,No,9,Center Negative,Analog,,0.30,,6.6,3.5,12.1,,,,,,Clean Blend,,,,,,https://www.tonepedia.com/catalog/effects-and-pedals/overdrive-and-boost/antares/,Antares
J. Rockett,USA,Overdrive,Pedal,Top,Buffered Bypass,Yes,9,Center Negative,Analog,No,0.40,,5.9,3.2,10.2,00851236004238,,Klon Centaur,Tour Series,,,,,,,,https://www.tonepedia.com/catalog/effects-and-pedals/overdrive-and-boost/archer/,Archer
J. Rockett,USA,Overdrive,Pedal,Top,Buffered Bypass,Yes,9,Center Negative,Analog,No,0.40,,5.9,3.2,10.2,00851236004238,,Klon Centaur,Tour Series,,,,,,,,https://www.tonepedia.com/catalog/effects-and-pedals/overdrive-and-boost/archer-ikon/,Archer Ikon
Universal Audio,Malaysia,Multi-Effect,Pedal,Top,"Buffered Bypass, True Bypass",No,9,Center Negative,Digital,No,0.56,,9.2,6.5,14.1,00819937002861,Modulation,,,,,,,,,,https://www.tonepedia.com/catalog/effects-and-pedals/multi-effect-unit/astra-modulation-machine/,Astra Modulation Machine
KMA Audio Machines,Germany,Phaser,Pedal,Sides,True Bypass,No,9,Center Negative,Analog,No,0.35,,9.2,5.3,11.8,,,MXR Phase 90,,,,,,,,,https://www.tonepedia.com/catalog/effects-and-pedals/vibe-and-phase-shifters/astrospurt/,Astrospurt
BOSS,Taiwan,Wah,Pedal,Sides,Buffered Bypass,Yes,9,Center Negative,Digital,No,0.42,,7.3,5.9,12.9,04957054053048,,,,,Talking Wah effect,,,,,,https://www.tonepedia.com/catalog/effects-and-pedals/wahs-and-filters/aw-3-dynamic-wah/,AW-3 Dynamic Wah
Danelectro,China,Delay,Pedal,Top,True Bypass,No,9,Center Negative,Analog,No,.25,,5.8,5.8,11.5,00611820001414,,,,,Reverse Delay,,,,,,https://www.tonepedia.com/catalog/effects-and-pedals/delay/back-talk/,Back Talk
Tone City,China,Overdrive,Pedal,Sides,True Bypass,No,9,Center Negative,Analog,No,0.25,,4.2,5.2,9.3,06970131360097,,,Mini Pedals,,,,,,,,https://www.tonepedia.com/catalog/effects-and-pedals/overdrive-and-boost/bad-horse-overdrive/,Bad Horse Overdrive
Dunlop Electronics,USA,Fuzz,Pedal,Top,True Bypass,Yes,9,Center Negative,Analog,No,0.23,,8.9,5,8.9,00710137081505,,Tycobrahe Octavia,Authentic Hendrix,,,,,,,,https://www.tonepedia.com/catalog/effects-and-pedals/fuzz/band-of-gypsys-fuzz-face-mini-distortion/,Band of Gypsys Fuzz Face Mini Distortion
Xotic,USA,"Boost, Overdrive",Pedal,Sides,True Bypass,Yes,9,Center Negative,Analog,No,2.8,,6,5,11.2,00855435005027,,,,,,,,,,,https://www.tonepedia.com/catalog/effects-and-pedals/overdrive-and-boost/bass-bb-preamp/,Bass BB Preamp
Electro-Harmonix,USA,Fuzz,Pedal,Sides,True Bypass,Yes,9,Center Negative,Analog,No,0.23,,10.2,8.9,12.1,00683274010854,Distortion,EHX Big Muff,,,,,,,,,https://www.tonepedia.com/catalog/effects-and-pedals/fuzz/bass-big-muff-pi/,Bass Big Muff Pi
Höfner,Hungary,Fuzz,Pedal,Top,True Bypass,Yes,9,Center Positive,Analog,No,0.35,,11.9,5,9.2,,,,,,,2016,,,,,https://www.tonepedia.com/catalog/effects-and-pedals/fuzz/bass-fuzz-limited-edition/,Bass Fuzz Limited Edition
EBS,China,Envelope Filter,Pedal,Sides,True Bypass,No,9,Center Negative,Analog,No,0.31,,6.7,4.8,11.5,07332100220204,,,,,,,,,,,https://www.tonepedia.com/catalog/effects-and-pedals/wahs-and-filters/bass-iq/,Bass IQ
Electro-Harmonix,USA,Overdrive,Pedal,Sides,True Bypass,Yes,9,Center Negative,Analog,No,0.42,,7,5.4,11.5,00683274011592,,,,,,,,,,,https://www.tonepedia.com/catalog/effects-and-pedals/overdrive-and-boost/bass-soul-food/,Bass Soul Food
Keeley,USA,Compressor,Pedal,Sides,True Bypass,Yes,9,Center Negative,Analog,No,0.40,,6.8,5.1,11.2,00854295005239,,,,,,,,,,,https://www.tonepedia.com/catalog/effects-and-pedals/compression-and-sustain/bassist-compressor/,Bassist Compressor
BOSS,Taiwan,Overdrive,Pedal,Sides,Buffered Bypass,Yes,9,Center Negative,Digital,No,0.45,,7.3,5.9,12.9,"00761294506554, 04957054506551",,,,,,,,,,,https://www.tonepedia.com/catalog/effects-and-pedals/overdrive-and-boost/bb-1x-bass-driver/,BB-1X Bass Driver
BOSS,Taiwan,Compressor,Pedal,Sides,Buffered Bypass,Yes,9,Center Negative,Digital,No,0.45,,7.3,5.9,12.9,"00761294508671, 04957054508678",,,,,,,,,,,https://www.tonepedia.com/catalog/effects-and-pedals/compression-and-sustain/bc-1x-bass-comp/,BC-1X Bass Comp
BOSS,Taiwan,Overdrive,Pedal,Sides,Buffered Bypass,Yes,9,Center Negative,Analog,No,0.36,,7.3,5.9,12.9,"00761294037195, 04957054037192",,,,,,,,,,,https://www.tonepedia.com/catalog/effects-and-pedals/overdrive-and-boost/bd-2-blues-driver/,BD-2 Blues Driver
BOSS,Taiwan,Overdrive,Pedal,Sides,Buffered Bypass,Yes,9,Center Negative,Analog,No,0.43,"Jim James, Syu",7.3,5.9,12.9,"04957054510435, 00761294510438, 00761294506516",,BOSS BD-2,WAZA CRAFT,,,,,,,,https://www.tonepedia.com/catalog/effects-and-pedals/overdrive-and-boost/bd-2w-blues-driver/,BD-2W Blues Driver
Earthquaker Devices,USA,Fuzz,Pedal,Top,True Bypass,Yes,9,Center Negative,Analog,No,0.25,Matt Pike,6.4,5.7,11.7,00858933004639,,,,,,2018-2021,"Black, Orange",,,,https://www.tonepedia.com/catalog/effects-and-pedals/overdrive-and-boost/bellows/,Bellows
JHS Pedals,USA,Fuzz,Pedal,Top,True Bypass,Yes,9,Center Negative,Analog,No,0.38,,9.2,5.1,14.4,00650415212279,,Silver/Orange Tonebender,Legends Of Fuzz,,,,,,,,https://www.tonepedia.com/catalog/effects-and-pedals/fuzz/bender/,Bender
BOSS,Taiwan,Flanger,Pedal,Sides,Buffered Bypass,Yes,9,Center Negative,Digital,No,0.42,,7.3,5.9,12.9,"00761294057513, 04957054057510",,,,,,,,,,,https://www.tonepedia.com/catalog/effects-and-pedals/flanger/bf-3-flanger/,BF-3 Flanger
Electro-Harmonix,USA,Fuzz,Pedal,Sides,True Bypass,Yes,9,Center Negative,Analog,No,0.64,,7,5.3,11.4,00683274012087,,EHX Big Muff V4,Big Muff Compacts,,,,,,,,https://www.tonepedia.com/catalog/effects-and-pedals/fuzz/big-muff-op-amp/,Big Muff Op-Amp
Electro-Harmonix,,Fuzz,Pedal,Top,True Bypass,Yes,9,Center Negative,Analog,No,0.70,,14,7.6,17.3,00683274010144,Distortion,,,,,,,,,,https://www.tonepedia.com/catalog/effects-and-pedals/fuzz/big-muff-pi/,Big Muff Pi
Electro-Harmonix,USA,Fuzz,Pedal,Top,Buffered Bypass,Yes,9,Center Negative,Analog,No,0.70,Billy Corgan,14,7.6,17.3,,Distortion,,,,,1977,,,,,https://www.tonepedia.com/catalog/effects-and-pedals/fuzz/big-muff-pi-v4-1977/,Big Muff Pi V4 (1977)
Electro-Harmonix,USA,Fuzz,Pedal,Top,Buffered Bypass,Yes,9,,Analog,No,0.45,,11.5,8,1.6,,,,,,,1969,,,,,https://www.tonepedia.com/catalog/effects-and-pedals/fuzz/big-muff-v1/,Big Muff V1
Electro-Harmonix,USA,Fuzz,Pedal,Top,Buffered Bypass,Yes,9,TRS,Analog,,0.70,,12.7,8.25,17.15,,,,,,,1977,,,,,https://www.tonepedia.com/catalog/effects-and-pedals/fuzz/big-muff-v3-1977/,Big Muff V3 (1977)
Electro-Harmonix,USA,Fuzz,Pedal,Top,Buffered Bypass,Yes,9,Center Negative,Analog,No,0.70,,14,7.6,17.3,,,,,,,1979,,,,,https://www.tonepedia.com/catalog/effects-and-pedals/fuzz/big-muff-v5-1979/,Big Muff V5 (1979)
Electro-Harmonix,Russia,Fuzz,Pedal,Top,Buffered Bypass,Yes,9,Center Negative,Analog,No,0.60,,11.8,7,1.65,,,,,,,1994,,,,,https://www.tonepedia.com/catalog/effects-and-pedals/fuzz/big-muff-v7c-2nd-edition-1994/,Big Muff V7c 2nd edition (1994)
Electro-Harmonix,Russia,Fuzz,Pedal,Top,Buffered Bypass,Yes,9,Center Negative,Analog,No,0.60,,12.7,8.25,17.15,,,,,,,1994,,,,,https://www.tonepedia.com/catalog/effects-and-pedals/fuzz/big-muff-v7c-3rd-edition-1994/,Big Muff V7c 3rd edition (1994)
EBS,China,Overdrive,Pedal,Sides,Buffered Bypass,Yes,9,Center Negative,Analog,No,0.42,Billy Sheehan,8.3,4.8,11.5,07332100380304,Boost,,Signature,,,,,,,,https://www.tonepedia.com/catalog/effects-and-pedals/overdrive-and-boost/billy-sheehan-ultimate-signature-drive/,Billy Sheehan Ultimate Signature Drive
Red Witch,New Zealand,"Chorus, Delay",Pedal,Top,True Bypass,No,9,Center Negative,Analog,No,0.45,,12,5.2,6.3,09421901344245,,,,,,,,,,,https://www.tonepedia.com/catalog/effects-and-pedals/delay/binary-star/,Binary star
Earthquaker Devices,USA,Synth,Pedal,Top,True Bypass,No,9,Center Negative,Analog,No,0.40,,6.4,5.7,11.7,,Octaver,,,,,,,,,,https://www.tonepedia.com/catalog/effects-and-pedals/guitar-synths/bit-commander-v2/,Bit Commander V2
Anasounds,France,Fuzz,Pedal,Top,True Bypass,No,9,Center Negative,Analog,No,0.28,,6.6,5.9,12,03760257570073,,,,,Dip Switches,,,,,,https://www.tonepedia.com/catalog/effects-and-pedals/fuzz/bitoun-fuzz/,Bitoun Fuzz
EBS,China,Distortion,Pedal,Sides,True Bypass,Yes,9,Center Negative,Analog,No,0.31,,6.1,4.5,11,07332100423100,Overdrive,,Blue Label,,,,,,,,https://www.tonepedia.com/catalog/effects-and-pedals/distortion/black-haze-distortion-overdrive/,Black Haze Distortion/Overdrive
Mooer,China,Distortion,Pedal,Sides,True Bypass,No,9,Center Negative,Analog,No,0.16,,5.2,4.2,9.4,06943206790099,,,,https://www.youtube.com/watch?v=wvgnmyyXYsE,"Turbo Mode, LM308 Chip",,,,,,https://www.tonepedia.com/catalog/effects-and-pedals/distortion/black-secret/,Black Secret
TC Electronic,China,Phaser,Pedal,Top,True Bypass,Yes,9,Center Negative,Analog,No,0.50,,7.4,5.8,13.2,04033653014854,,,,,,,,,,,https://www.tonepedia.com/catalog/effects-and-pedals/vibe-and-phase-shifters/blood-moon-phaser/,Blood Moon Phaser
Marshall,UK,Overdrive,Pedal,Top,Buffered Bypass,Yes,9,Center Negative,Analog,No,0.51,John Mayer,11,6.7,14.7,,,,,,,,,,,,https://www.tonepedia.com/catalog/effects-and-pedals/overdrive-and-boost/marshall-bluesbreaker-mk1-1992/,Bluesbreaker MK1 (1992)
Ibanez,Japan,Boost,Pedal,Sides,True Bypass,No,9,Center Negative,Analog,No,2.7,,5.1,5.6,9.6,04549763281784,,Ibanez BB9 Bottom Booster,Mini,,,,White,,,,https://www.tonepedia.com/catalog/effects-and-pedals/overdrive-and-boost/booster-mini/,Booster Mini
E.W.S,Japan,Overdrive,Pedal,Top,True Bypass,Yes,9,Center Negative,Analog,No,0.24,Eric Gales,11.2,5,6.5,00758353623451,,,,,Boost Switch,,,,,,https://www.tonepedia.com/catalog/effects-and-pedals/overdrive-and-boost/brute-drive/,Brute Drive
TC Electronic,China,Delay,Pedal,Top,True Bypass,No,9,Center Negative,Analog,No,0.3,,7.5,6.2,13,04033653016971,,,,,Modulation,2020s,Black,,,,https://www.tonepedia.com/catalog/effects-and-pedals/delay/bucket-brigade-analog-delay/,Bucket Brigade Analog Delay
Analog Alien,USA,Overdrive,Pedal,Top,True Bypass,Yes,9,Center Negative,Analog,No,0.4,,10,5.8,12.2,,,,,,,,,,,,https://www.tonepedia.com/catalog/effects-and-pedals/overdrive-and-boost/bucket-seat/,Bucket Seat
MXR,USA,Delay,Pedal,Sides,True Bypass,Yes,9,Center Negative,Analog,No,0.40,"John Mayer, Billie Joe Armstrong, Zakk Wylde, Billy Gibbons, The Edge, Jim Root, Jeff Beck, Paul Gilbert, Mike McCready",5.9,4.7,11,00710137039544,,Electro-Harmonix Memory Man (Speculated),,,,,,,,,https://www.tonepedia.com/catalog/effects-and-pedals/delay/carbon-copy-analog-delay-m169/,Carbon Copy Analog Delay M169
MXR,USA,Delay,Pedal,Sides,True Bypass,Yes,9,Center Negative,Analog,No,0.40,,6,3.1,12,00710137082328,,,,,,,,,,,https://www.tonepedia.com/catalog/effects-and-pedals/delay/carbon-copy-bright/,Carbon Copy Bright
DOD,China,Fuzz,Pedal,Sides,True Bypass,Yes,9,Center Negative,Analog,No,.45,,6.7,5.7,11.9,00691991003929,,,Compact,,,,,,,,https://www.tonepedia.com/catalog/effects-and-pedals/fuzz/carcosa-fuzz-boutique-overdrive-pedal-from-dod-electronics/,Carcosa Fuzz
Keeley,USA,"Delay, Reverb",Pedal,Top,True Bypass,No,9,Center Negative,Digital,No,0.45,,9.5,5,12,00854295005734,,,,,,,,,,,https://www.tonepedia.com/catalog/effects-and-pedals/delay/caverns/,Caverns
BOSS,Japan,Chorus,Pedal,Sides,Buffered Bypass,Yes,9,Center Negative,Analog,No,0.45,,7.3,5.9,12.9,,,,Compact Series,,,1977,,,,,https://www.tonepedia.com/catalog/effects-and-pedals/chorus-and-vibrato/ce-2-chorus-ensemble/,CE-2 Chorus Ensemble
BOSS,Taiwan,Chorus,Pedal,Sides,Buffered Bypass,Yes,9,Center Negative,Analog,No,0.45,,7.3,5.9,12.9,"00761294509807, 04957054509804",Vibrato,,Waza Craft Series,,,,,,,,https://www.tonepedia.com/catalog/effects-and-pedals/chorus-and-vibrato/ce-2w-chorus/,CE-2W Chorus
BOSS,Taiwan,Chorus,Pedal,Sides,Buffered Bypass,Yes,9,Center Negative,Digital,No,0.41,,7.3,5.9,12.9,04957054022815,,,,,,,,,,,https://www.tonepedia.com/catalog/effects-and-pedals/chorus-and-vibrato/boss-ce-5-chorus-ensemble/,CE-5 Chorus Ensemble
BOSS,Taiwan,Chorus,Pedal,,Buffered Bypass,Yes,9,Center Negative,Analog,No,0.45,"Jason Newsted, Simon Gallup",7.3,5.9,12.9,"00761294036860, 04957054036867",,,Compact Series,,,,,,,,https://www.tonepedia.com/catalog/effects-and-pedals/chorus-and-vibrato/ceb-3-bass-chorus/,CEB-3 Bass Chorus
BOSS,Taiwan,Chorus,Pedal,Sides,Buffered Bypass,Yes,9,Center Negative,Digital,No,0.40,,7.3,5.9,12.9,04957054015190,,,,,,,,,,,https://www.tonepedia.com/catalog/effects-and-pedals/chorus-and-vibrato/ch-1-super-chorus/,CH-1 Super Chorus
JHS Pedals,USA,Distortion,Pedal,Sides,True Bypass,No,9,Center Negative,Analog,No,0.26,,5.6,4.1,12.1,00650415212248,Fuzz,Lovetone Big Cheese,,,,,,,,,https://www.tonepedia.com/catalog/effects-and-pedals/distortion/cheese-ball/,Cheese Ball
JAM Pedals,Greece,Tremolo,Pedal,Sides,True Bypass,Yes,9,Center Negative,Analog,No,0.23,,7,4.8,11.1,05214001611195,,,,,,,,,,,https://www.tonepedia.com/catalog/effects-and-pedals/tremolo/chill/,Chill
TC Electronic,China,Tremolo,Pedal,Top,True Bypass,Yes,9,Center Negative,Analog,No,0.50,,7.4,5.8,13.2,04033653015288,,,,,,,,,,,https://www.tonepedia.com/catalog/effects-and-pedals/tremolo/choka-tremolo/,Choka Tremolo
Ibanez,Japan,Chorus,Pedal,Sides,True Bypass,No,9,Center Negative,Analog,No,0.28,,5.1,5.5,9.2,04515276838074,,,MINI Series,https://www.youtube.com/watch?v=u2lkqz9GPk4,,,,,,,https://www.tonepedia.com/catalog/effects-and-pedals/chorus-and-vibrato/chorus-mini/,Chorus Mini
Aguilar,USA,Chorus,Pedal,Top,True Bypass,Yes,9,Center Negative,Analog,No,0.48,"Paulo Jr., Dallon Weekes",6.8,5.3,13.3,04017269335794,,,,,,,,,,,https://www.tonepedia.com/catalog/effects-and-pedals/chorus-and-vibrato/chorusaurus/,Chorusaurus
TC Electronic,China,Overdrive,Pedal,Top,True Bypass,Yes,,Center Negative,Analog,No,0.50,,7.4,5.8,13.2,04033653014946,,,,,,,,,,,https://www.tonepedia.com/catalog/effects-and-pedals/overdrive-and-boost/cinders-overdrive/,Cinders Overdrive
Aclam,Spain,Overdrive,Pedal,Top,True Bypass,Yes,9,Center Negative,Analog,No,0.41,,13.6,5.5,8.7,08436552761908,,,,,,,,,,,https://www.tonepedia.com/catalog/effects-and-pedals/overdrive-and-boost/cinnamon-drive/,Cinnamon Drive
Carl Martin,China,Chorus,Pedal,Top,Buffered Bypass,No,9,Center Negative,Analog,No,0.35,Kendall Gilder,9.5,5.6,12,00852940000301,,,Vintage Series,,,,Purple,,,,https://www.tonepedia.com/catalog/effects-and-pedals/chorus-and-vibrato/classic-chorus/,Classic Chorus
Carl Martin,China,Flanger,Pedal,Top,Buffered Bypass,Yes,9,Center Negative,Hybrid,No,0.35,Doug Wimbish,9.5,5.6,12,00852940000547,,,Vintage Series,,,,,,,,https://www.tonepedia.com/catalog/effects-and-pedals/flanger/classic-flange/,Classic Flange
Carl Martin,China,Compressor,Pedal,Top,Buffered Bypass,Yes,9,Center Negative,Analog,No,0.35,,9.5,5.6,12,00852940000554,,,Vintage Series,,,,Blue,,,,https://www.tonepedia.com/catalog/effects-and-pedals/compression-and-sustain/classic-opto-compressor/,Classic Opto Compressor
Vox,Italy,Wah,Pedal,Sides,True Bypass,Yes,9,Center Negative,Analog,No,0.9,,10.3,9.2,25.5,,,,,,,1968,Black,5369,,,https://www.tonepedia.com/catalog/effects-and-pedals/wahs-and-filters/clyde-mccoy-wah-1968/,Clyde McCoy Wah (1968)
Keeley,USA,Compressor,Pedal,Sides,True Bypass,Yes,9,Center Negative,Analog,No,0.50,,6.8,5.1,11.2,00854295005703,,,,,,,,,,,https://www.tonepedia.com/catalog/effects-and-pedals/compression-and-sustain/compressor-plus/,Compressor Plus
Way Huge,USA,Overdrive,Pedal,Sides,True Bypass,Yes,9,Center Negative,Analog,No,0.27,,6,5,10,,Boost,Klon,,,,2010's,Gold,,,,https://www.tonepedia.com/catalog/effects-and-pedals/overdrive-and-boost/conspiracy-theory/,Conspiracy Theory
Vox,Vietnam,Overdrive,Pedal,Sides,True Bypass,Yes,9,Center Negative,"Analog, Digital",Yes,0.35,,7.2,5.5,12,04959112198364,,,,,,,,,,,https://www.tonepedia.com/catalog/effects-and-pedals/overdrive-and-boost/copperhead-drive/,Copperhead Drive
TC Electronic,Thailand,Chorus,Pedal,Sides,True Bypass,No,9,Center Negative,Digital,No,0.19,"John Petrucci, John Konesky, Eric Johnson",4.8,9.3,4.8,05706622019653,,,,,"TonePrint, Analog-Dry-Through design",,,,,,https://www.tonepedia.com/catalog/effects-and-pedals/chorus-and-vibrato/corona-mini-chorus/,Corona Mini Chorus
BOSS,Taiwan,Compressor,Pedal,Sides,Buffered Bypass,Yes,9,Center Negative,Digital,No,0.45,,7.3,5.9,12.9,"00761294510049, 04957054510046",,,,,,,,,,,https://www.tonepedia.com/catalog/effects-and-pedals/compression-and-sustain/cp-1x-compressor/,CP-1X Compressor
Diamond Pedals,Canada,Compressor,Pedal,Sides,True Bypass,Yes,9,Center Negative,Analog,No,0.40,,9.8,5.4,11.9,04250503846001,,,,,EQ control for overall frequency balance shifting,,,,,,https://www.tonepedia.com/catalog/effects-and-pedals/compression-and-sustain/diamond-cpr1-compressor/,CPR1 Compressor
JHS Pedals,USA,Fuzz,Pedal,Top,True Bypass,Yes,9,Center Negative,Analog,No,0.38,,14.4,5.1,9.2,00650415212262,,Red Army Overdrive,Legends Of Fuzz,,Vintage / Modern Modes,,,,,,https://www.tonepedia.com/catalog/effects-and-pedals/fuzz/crimson/,Crimson
Joyo,China,Overdrive,Pedal,Sides,True Bypass,Yes,9,Center Negative,Analog,No,0.29,,6.2,5.6,11.8,06943206700302,,MI Audio Crunch Box,,,,,,,,,https://www.tonepedia.com/catalog/effects-and-pedals/overdrive-and-boost/crunch-distortion/,Crunch Distortion
BOSS,Taiwan,Compressor,Pedal,Sides,Buffered Bypass,Yes,9,Center Negative,Analog,No,0.40,,7.3,5.9,12.9,"00761294012857, 04957054012854",,,,,,,,,,,https://www.tonepedia.com/catalog/effects-and-pedals/compression-and-sustain/cs-3-compression-sustainer/,CS-3 Compression Sustainer
Vox,Vietnam,Distortion,Pedal,Sides,True Bypass,Yes,9,Center Negative,Analog,Yes,0.35,,-7.2,5.5,12,04058059215872,,,,,,,,,,,https://www.tonepedia.com/catalog/effects-and-pedals/distortion/cutting-edge/,Cutting Edge
KHDK,USA,Distortion,Pedal,Top,True Bypass,Yes,9,Center Negative,Analog,No,0.4,Kirk Hammet,6.5,4,12,00866640000141,,,Kirk Hammett Signature Series,,,2020's,"Black, Red",,,,https://www.tonepedia.com/catalog/effects-and-pedals/distortion/dark-blood/,Dark Blood
TC Electronic,Thailand,Distortion,Pedal,Sides,True Bypass,Yes,9,Center Negative,Analog,No,0.23,,7.2,5,12.2,05706622010445,,,,,,,,,,,https://www.tonepedia.com/catalog/effects-and-pedals/distortion/dark-matter/,Dark Matter
Keeley,USA,"Delay, Fuzz, Phaser, Rotary, Vibe",Pedal,Top,True Bypass,No,9,Center Negative,Digital,No,0.42,,9.9,5.3,12,00854295005635,,,,,,,,,,,https://www.tonepedia.com/catalog/effects-and-pedals/fuzz/dark-side/,Dark Side
Carl Martin,China,Overdrive,Pedal,Top,Buffered Bypass,No,9,Center Negative,Analog,No,0.35,,6,5,11.5,00852940000530,,,Vintage Series,,Reg-Fat switch for gain variety,,,,,,https://www.tonepedia.com/catalog/effects-and-pedals/overdrive-and-boost/dc-drive/,DC Drive
BOSS,Taiwan,Chorus,Pedal,Sides,Buffered Bypass,Yes,9,Center Negative,Analog,No,0.45,,7.3,5.9,12.9,04957054513528,,"BOSS DC-2, Roland SDD-320",WAZA CRAFT,,Stereo Input & Output,,,,,,https://www.tonepedia.com/catalog/effects-and-pedals/chorus-and-vibrato/dc-2w-dimension-c/,DC-2W Dimension C
BOSS,Taiwan,Delay,Pedal,Sides,Buffered Bypass,Yes,9,Center Negative,Digital,No,0.46,"Dave Grohl, Slash, Matthew Bellamy, Tom Morello, Dan Auerbach, Thom Yorke, Joe Satriani, Joe Bonamassa, Adam Jones, Josh Klinghoffer, Prince",7.3,5.9,12.9,"00761294024874, 04957054024871",,,Digital Delay Series,,Hold function,1986-2019,,,,,https://www.tonepedia.com/catalog/effects-and-pedals/delay/dd-3-digital-delay/,DD-3 Digital Delay
BOSS,Malaysia,Delay,Pedal,Sides,Buffered Bypass,Yes,9,Center Negative,Digital,No,0.42,Yngwie Malmsteen,7.3,5.9,12.9,"00761294515068, 04957054515065",,DD-3,Compact,,Tap Tempo,,,,,,https://www.tonepedia.com/catalog/effects-and-pedals/delay/dd-3t-digital-delay/,DD-3T Digital Delay
BOSS,Taiwan,Delay,Pedal,Sides,Buffered Bypass,Yes,9,Center Negative,Digital,No,0.44,,7.3,5.9,12.9,"00761294407127, 04957054407124",,,Digital Delay Series,,Hold Function,,,,,,https://www.tonepedia.com/catalog/effects-and-pedals/delay/dd-7-digital-delay/,DD-7 Digital Delay
BOSS,Malaysia,Delay,Pedal,Sides,Buffered Bypass,Yes,9,Center Negative,Digital,No,0.44,,7.3,5.9,12.9,04957054515058,,,Compact,,,,,,,,https://www.tonepedia.com/catalog/effects-and-pedals/delay/boss-dd-8-digital-delay/,DD-8 Digital Delay
KMA Audio Machines,Germany,Fuzz,Pedal,Sides,True Bypass,No,9,Center Negative,Analog,No,0.35,,9.2,5.3,11.8,00651650248825,Distortion,Big Muff,,,,,,,,,https://www.tonepedia.com/catalog/effects-and-pedals/fuzz/dead-stag/,Dead Stag
Mad Professor,Finland,Delay,Pedal,Sides,True Bypass,Yes,9,Center Negative,Hybrid,No,0.34,"Matt Schofield, Albert Hammond Jr, Eddie Clarke, Rebecca Lovell, Marc Ford, Jerry Donahue",7.9,6.1,13.7,06430033091111,,,Factory Series,,,,,,,,https://www.tonepedia.com/catalog/effects-and-pedals/delay/deep-blue-delay/,Deep Blue Delay
JAM Pedals,Greece,Delay,Pedal,Sides,True Bypass,Yes,9,Center Negative,Analog,No,0.35,Alex Skolnick,9.5,3.4,12,05214001611072,,,,,,,,,,,https://www.tonepedia.com/catalog/effects-and-pedals/delay/delay-llama/,Delay Llama
Earthquaker Devices,USA,Delay,Pedal,Top,True Bypass,No,9,Center Negative,Digital,No,0.25,,6.4,5.7,11.7,"00858933004714, 00855755007879",Reverb,,,,,,,,,,https://www.tonepedia.com/catalog/effects-and-pedals/delay/dispatch-master/,Dispatch Master
Vox,,Fuzz,Plug Into Guitar,One side,True Bypass,Yes,9,,Analog,No,0.25,,3,1.9,15,,,,,,,1966,,,,,https://www.tonepedia.com/catalog/effects-and-pedals/fuzz/distortion-booster/,Distortion Booster
MXR,USA,Distortion,Pedal,Sides,Buffered Bypass,Yes,9,,Analog,No,0.4,"John Mayer, Kurt Cobain, Slash, Tom Morello, Thom Yorke",6,3.2,11.1,00710137006553,,,,,,1977,,,,,https://www.tonepedia.com/catalog/effects-and-pedals/distortion/distortion-plus-1977/,Distortion Plus (1977)
MXR,USA,Acoustic Simulator,Pedal,One side,Buffered Bypass,No,,Center Positive,Digital,No,,,,,,00710137006553,Acoustic Simulator,,,,,,Black,,"11104000001, 240566, 80014724, 9674, DL E MXR M 104, DL-E-MXR-M-104, DL.E.MXR.M.104, M104, MXR M104, MXR.01.04.0004, rockgear_MXR.01.04.0004",,https://www.tonepedia.com/catalog/effects-and-pedals/distortion/distortion-plus-m-104/,Distortion Plus M-104
Ibanez,Japan,Delay,Pedal,Top,Buffered Bypass,Yes,9,Center Negative,Digital,No,0.4,,7,5.4,12.5,,,,10 Series,,,1989,,,,,https://www.tonepedia.com/catalog/effects-and-pedals/delay/dl10-digital-delay/,DL10 Digital Delay
BOSS,Japan,Delay,Pedal,Sides,Buffered Bypass,Yes,9,Center Negative,Analog,No,0.46,"Dave Grohl, John Frusciante, Kurt Cobain, Joe Satriani, Cliff Burton, Prince, Mike McCready, Gary Moore, Beck, John 5",7.3,5.9,12.9,,,,Compact,,,,,,,,https://www.tonepedia.com/catalog/effects-and-pedals/delay/dm-2-delay/,DM-2 Delay
BOSS,Taiwan,Delay,Pedal,Sides,Buffered Bypass,Yes,9,Center Negative,Analog,No,0.46,"Steve Vai, John 5",7.3,5.9,12.9,"00761294506547, 04957054506544",,BOSS DM-2,Waza Craft Series,,,,,,,,https://www.tonepedia.com/catalog/effects-and-pedals/delay/dm-2w-delay/,DM-2W Delay
Electro-Harmonix,USA,Envelope Filter,Pedal,Top,Buffered Bypass,Yes,9,TRS,Analog,No,0.65,,8.5,5.5,13.5,,,,,,,1978,,,,,https://www.tonepedia.com/catalog/effects-and-pedals/wahs-and-filters/doctor-q-1977/,Doctor Q (1977)
Aclam,Spain,Overdrive,Pedal,Top,True Bypass,Yes,9,Center Negative,Analog,No,0.41,,13.6,5.5,8.7,08436552761915,,Vox UL730,,,Bass and Guitar Pedal,,,,,,https://www.tonepedia.com/catalog/effects-and-pedals/overdrive-and-boost/dr-robert/,Dr. Robert
TC Electronic,China,Reverb,Pedal,Top,True Bypass,Yes,9,Center Negative,Digital,No,0.50,,7.4,5.8,13.2,04033653015196,,,,,,,,,,,https://www.tonepedia.com/catalog/effects-and-pedals/reverb/drip-spring-reverb/,Drip Spring Reverb
Marshall,UK,Overdrive,Pedal,Top,Buffered Bypass,Yes,9,Center Negative,Analog,No,0.51,,11,6.7,14.7,,Distortion,,,,,1992,,,,,https://www.tonepedia.com/catalog/effects-and-pedals/overdrive-and-boost/drive-master-1992/,Drive Master (1992)
EBS,China,Distortion,Pedal,Sides,True Bypass,Yes,9,Center Negative,Analog,No,0.31,,6.1,4.5,11,07332100422103,Overdrive,,Blue Label,,,,,,,,https://www.tonepedia.com/catalog/effects-and-pedals/distortion/drive-me-crazy-distortion-overdrive/,Drive Me Crazy Distortion/Overdrive
1981 Inventions,USA,Distortion,Pedal,Top,True Bypass,No,9,Center Negative,Analog,No,0.4,,8.6,4.6,10.7,,,ProCo RAT,,,,,,,,,https://www.tonepedia.com/catalog/effects-and-pedals/distortion/drv-no3/,DRV No3
BOSS,Japan,Distortion,Pedal,Sides,Buffered Bypass,Yes,9,Center Negative,Analog,No,0.4,"John Frusciante, Kurt Cobain, Steve Vai, Joe Satriani, Billie Joe Armstrong",7.3,5.9,12.9,"00761294008522, 04957054008529",,,Compact,,,1979,,,,,https://www.tonepedia.com/catalog/effects-and-pedals/distortion/ds-1-vintage/,DS-1 (Vintage)
BOSS,Taiwan,Distortion,Pedal,Sides,Buffered Bypass,Yes,9,Center Negative,Analog,No,0.40,"Steve Vai, Joe Satriani, Kurt Cobain, Mike Stern, Steve Rothery, Glenn Frey, Doug Aldrich, Josh Klinghoffer",7.3,5.9,12.9,"00761294008522, 04957054008529",,,,,,,,,,,https://www.tonepedia.com/catalog/effects-and-pedals/ds-1-distortion/,DS-1 Distortion
BOSS,Japan,Distortion,Pedal,Sides,Buffered Bypass,Yes,9,Center Negative,Analog,No,0.4,,6.4,5.1,11.9,04957054519322,,DS-1,,,,,Orange,114703,DS-1W,,https://www.tonepedia.com/catalog/effects-and-pedals/distortion/ds-1w-distortion/,DS-1W
BOSS,Taiwan,Distortion,Pedal,Sides,Buffered Bypass,Yes,9,Center Negative,Digital,No,0.45,,7.2,5.9,12.9,"00761294506073, 04957054506070",,,,,MDP,,,,,,https://www.tonepedia.com/catalog/effects-and-pedals/distortion/ds-1x-distortion/,DS-1X Distortion
BOSS,Taiwan,Distortion,Pedal,Sides,Buffered Bypass,Yes,9,Center Negative,Analog,No,0.40,,7.3,5.9,12.9,"00761294017814, 04957054017811",,DS-1,,,,,,,,,https://www.tonepedia.com/catalog/effects-and-pedals/distortion/ds-2-turbo-distortion/,DS-2 Turbo Distortion
Thorndal,Germany,Overdrive,Pedal,Top,True Bypass,Yes,"9, 12, 18",Center Negative,Analog,No,0.35,,11.8,5.4,9.4,04053893759278,Boost,,,,,,,,,,https://www.tonepedia.com/catalog/effects-and-pedals/overdrive-and-boost/duane-69/,Duane ’69
JAM Pedals,Greece,Compressor,Pedal,Sides,True Bypass,Yes,9,Center Negative,Analog,No,0.23,,7,4.8,11.1,05214001611218,,,,,,,,,,,https://www.tonepedia.com/catalog/effects-and-pedals/compression-and-sustain/dyna-ssor/,Dyna-ssor
EBS,Sweden,Reverb,Pedal,Sides,Buffered Bypass,No,,Center Negative,Digital,No,0.40,,7,3.5,11.5,07332100280307,,,,,"Selection between 3 reverb types - Hall, Room, Plate",2015,Pink,,,,https://www.tonepedia.com/catalog/effects-and-pedals/reverb/dynaverb/,DynaVerb
EBS,China,Reverb,Pedal,Sides,True Bypass,No,9,Center Negative,Digital,No,0.40,,7,3.5,11.5,07332100280208,,,,,,,,,,,https://www.tonepedia.com/catalog/effects-and-pedals/reverb/dynaverb-studio-edition/,DynaVerb Studio Edition
Keeley,USA,Delay,Pedal,Sides,True Bypass,No,9,Center Negative,Digital,No,0.35,,6.8,5.8,12,00854295005994,Flanger,,,,,,,,,,https://www.tonepedia.com/catalog/effects-and-pedals/delay/eccos/,Eccos
TC Electronic,China,Delay,Pedal,Top,True Bypass,Yes,9,Center Negative,Analog,No,0.50,,7.4,5.8,13.2,04033653014922,,,,,,,,,,,https://www.tonepedia.com/catalog/effects-and-pedals/delay/echobrain-analog-delay/,Echobrain Analog Delay
TC Electronic,China,Overdrive,Pedal,Top,True Bypass,Yes,9,Center Negative,Analog,No,0.50,,7.4,5.8,13.2,04033653015202,,,,,,,,,,,https://www.tonepedia.com/catalog/effects-and-pedals/overdrive-and-boost/el-cambo-overdrive/,El Cambo Overdrive
Anasounds,France,Reverb,Pedal,Top,True Bypass,No,9,Center Negative,Analog,No,0.29,,6.4,5.9,11.8,03760257570417,Drive,Fender Twin Reverb,Elements,,Switchable reverb tanks,,,,,,https://www.tonepedia.com/catalog/effects-and-pedals/reverb/element/,Element
Xotic,USA,Boost,Pedal,Sides,True Bypass,No,9,Center Negative,Analog,No,0.26,,3.8,3.8,8.9,00886830404139,,,,https://www.youtube.com/watch?v=uQbT08WH5rs,Internal Dip Switches,,,,,,https://www.tonepedia.com/catalog/effects-and-pedals/overdrive-and-boost/ep-booster/,EP Booster
Earthquaker Devices,USA,Fuzz,Pedal,Top,True Bypass,Yes,9,Center Negative,Analog,No,0.26,,6.4,5.7,11.7,00858933004974,,,,,,,,,,,https://www.tonepedia.com/catalog/effects-and-pedals/fuzz/erupter/,Erupter
JAM Pedals,Greece,Fuzz,Pedal,Sides,True Bypass,Yes,9,Center Negative,Analog,No,0.25,,6,3,11,05214001611164,,,,,,,,,,,https://www.tonepedia.com/catalog/effects-and-pedals/eureka/,Eureka
Diamond Pedals,Canada,Fuzz,Pedal,Sides,True Bypass,Yes,9,Center Negative,Analog,No,0.40,,6.5,5.1,12,"00669818853606, 00713289856717",,Foxx Tone Machine,,,,,,,,,https://www.tonepedia.com/catalog/effects-and-pedals/fuzz/f-octave/,F-Octave
Thorpy FX,UK,Fuzz,Pedal,Top,True Bypass,No,9,Center Negative,Analog,No,0.59,,6.5,5.3,12.5,,,Triangle Big Muff,,,,,,,,,https://www.tonepedia.com/catalog/effects-and-pedals/fuzz/fallout-cloud/,Fallout Cloud
Beetronics,USA,Overdrive,Pedal,Sides,True Bypass,No,9,Center Negative,Analog,No,0.23,,5.7,3.5,11.4,00747742643897,,,Babee,,,,,,,,https://www.tonepedia.com/catalog/effects-and-pedals/overdrive-and-boost/fatbee-overdrive/,Fatbee Overdrive
Diamond Pedals,Canada,Fuzz,Pedal,Sides,True Bypass,Yes,9,Center Negative,Analog,No,0.35,,6.5,5.1,12,,Distortion,,,,,,,,,,https://www.tonepedia.com/catalog/effects-and-pedals/fuzz/fbr2-fireburst/,FBR2 Fireburst
Aguilar,USA,Envelope Filter,Pedal,Top,Buffered Bypass,Yes,9,Center Negative,Analog,No,0.49,,6.8,13.3,5.3,04017269239771,,,,,,2000s,Green,,,,https://www.tonepedia.com/catalog/effects-and-pedals/bass-pedals/filter-twin/,Filter Twin
Maxon,Japan,Flanger,Pedal,Sides,Buffered Bypass,Yes,9,Center Negative,Analog,No,0.5,,11,5,15,,,,,,,,,,,,https://www.tonepedia.com/catalog/effects-and-pedals/flanger/flanger-fl-303/,Flanger FL-303
Ibanez,Japan,Flanger,Pedal,Sides,True Bypass,No,9,Center Negative,Analog,No,0.28,,5.1,5.5,9.2,04549763250551,,,MINI Series,https://www.youtube.com/watch?v=u2lkqz9GPk4,,,,,,,https://www.tonepedia.com/catalog/effects-and-pedals/flanger/flanger-mini/,Flanger Mini
TC Electronic,Thailand,Delay,Pedal,Sides,True Bypass,No,9,Center Negative,Digital,No,0.19,"Chelsea Constable, Richard Hallebeek, K5, Stephen",4.8,9.3,4.8,05706622019639,,,Toneprint Series,,"TonePrint, Analog-Dry-Through design",,,,,,https://www.tonepedia.com/catalog/effects-and-pedals/delay/flashback-mini-delay/,Flashback Mini Delay
Electro-Harmonix,USA,Fuzz,Pedal,Sides,True Bypass,Yes,9,Center Negative,Analog,No,0.25,,7,5.1,11.5,00683274012056,Distortion,ProCo RAT 2,,,op-amp powered,,,,,,https://www.tonepedia.com/catalog/effects-and-pedals/distortion/flatiron-fuzz/,Flatiron Fuzz
,USA,Fuzz,Pedal,Top,Buffered Bypass,Yes,9,,Analog,No,0.60,,10.5,6.5,16,,,Mosrite Fuzzrite,,,,1968,,,,,https://www.tonepedia.com/catalog/effects-and-pedals/fuzz/foxey-lady-v1-1968/,Foxey Lady V1 (1968)
Tone City,China,Fuzz,Pedal,Sides,True Bypass,No,9,Center Negative,Analog,No,0.25,,4.2,5.2,9.3,06970131360103,,,Mini Pedals,,,,,,,,https://www.tonepedia.com/catalog/effects-and-pedals/fuzz/fuxx-fuzz/,Fuxx Fuzz
Orange,China,Fuzz,Pedal,Sides,True Bypass,Yes,9,Center Negative,Analog,No,0.52,,6.5,1.3,9.5,05060299176683,Octave,Foxx Tone Machine,Picture Pedals,,,,,,,,https://www.tonepedia.com/catalog/effects-and-pedals/fuzz/fur-coat/,Fur Coat
Top Gear,UK,Fuzz,Pedal,Top,Buffered Bypass,Yes,9,,Analog,No,0.25,,13,6,21,,,,,,,1976,,,,,https://www.tonepedia.com/catalog/effects-and-pedals/fuzz/fuzz-1976/,Fuzz (1976)
Keeley,USA,Fuzz,Pedal,Top,True Bypass,No,9,Center Negative,Analog,No,0.45,,9.5,5,11,00854295005987,,,,,,,,,"10113867, 80034227, KE FUZZ BENDER, SAICKFBENDER",,https://www.tonepedia.com/catalog/effects-and-pedals/fuzz/fuzz-bender/,Fuzz Bender
Crest Audio,USA,Fuzz,Pedal,Top,Buffered Bypass,Yes,9,Center Negative,Analog,No,0.56,,17.7,5.5,17.7,,,Dallas Arbiter Fuzz Face,,,,1987,,,,,https://www.tonepedia.com/catalog/effects-and-pedals/fuzz/fuzz-face-1987/,Fuzz Face (1987)
Dallas Arbiter,USA,Fuzz,Pedal,Top,Buffered Bypass,,9,Center Negative,Analog,No,0.55,"David Gilmour, Jimi Hendrix",17.7,5.5,17.7,,,,,,,1969,,,,,https://www.tonepedia.com/catalog/effects-and-pedals/fuzz/fuzz-face-bc108c-1969/,Fuzz Face BC108C (1969)
Death By Audio,USA,Fuzz,Pedal,Top,True Bypass,Yes,9,Center Negative,Analog,No,0.54,,11.8,6.2,14.4,"00720260152317, 04018828000870",,,,,,,,,,,https://www.tonepedia.com/catalog/effects-and-pedals/fuzz/fuzz-war-2/,Fuzz War
Death By Audio,USA,Fuzz,Pedal,Top,True Bypass,Yes,9,Center Negative,Analog,No,0.54,,11.8,6.2,14.4,"00720260152317, 04018828000870",,,,,,,,,,,https://www.tonepedia.com/catalog/effects-and-pedals/fuzz/fuzz-war/,Fuzz War
Analog Alien,USA,,Pedal,Sides,Buffered Bypass,No,9,Center Negative,Analog,No,0.50,,12.6,9.5,5.5,,,,,,,,,,,,https://www.tonepedia.com/catalog/effects-and-pedals/fuzz/fuzzbubble-45/,FuzzBubble-45
Aguilar,USA,Fuzz,Pedal,Top,True Bypass,Yes,9,Center Negative,Analog,No,0.48,,6.8,5.3,13.3,00824599001398,,,,,,,,,,,https://www.tonepedia.com/catalog/effects-and-pedals/fuzz/fuzzistor/,Fuzzistor
KMA Audio Machines,Germany,Fuzz,Pedal,Sides,Buffered Bypass,No,9,Center Negative,Analog,No,0.25,,6.1,3.1,11.3,04250503860830,,Jordan Bosstone,,,Bias Control,,,,,,https://www.tonepedia.com/catalog/effects-and-pedals/fuzz/fuzzly-bear/,Fuzzly Bear
Kimbara,Japan,Fuzz,Pedal,One side,Buffered Bypass,Yes,9,,Analog,,,,,,,,,Shin-Ei FY-2 Fuzz Box,,,,1970's,,,,,https://www.tonepedia.com/catalog/effects-and-pedals/fuzz/fy-2-fuzz-master-1970s/,FY-2 Fuzz Master (1970s)
Gibson,USA,Fuzz,Pedal,Top,Buffered Bypass,Yes,,,Analog,No,0.65,,,,,,,,,,,1960's,,,,,https://www.tonepedia.com/catalog/effects-and-pedals/fuzz/fz-1-fuzz-tone/,FZ-1 Fuzz Tone
BOSS,Japan,Fuzz,Pedal,Sides,Buffered Bypass,Yes,9,Center Negative,Analog,No,0.44,,7.3,5.9,12.9,04957054518981,,,,,,,Grey,,,,https://www.tonepedia.com/catalog/effects-and-pedals/fuzz/boss-fz-1w/,FZ-1w
BOSS,Taiwan,Fuzz,Pedal,Sides,Buffered Bypass,Yes,9,Center Negative,Digital,No,0.44,,7.3,5.9,12.9,"00761294403563, 04957054403560",,,,,,,,,,,https://www.tonepedia.com/catalog/effects-and-pedals/fuzz/fz-5-fuzz/,FZ-5 Fuzz
TC Electronic,China,Delay,Pedal,Top,True Bypass,Yes,9,Center Negative,Digital,No,0.50,,7.4,5.8,13.2,04033653015233,,,,,,,,,,,https://www.tonepedia.com/catalog/effects-and-pedals/delay/gauss-tape-echo/,Gauss Tape Echo
Death By Audio,USA,Filter,Pedal,Top,True Bypass,Yes,9,Center Negative,Analog,No,0.3,,6.4,5.7,12.7,00195893383146,Fuzz,,,,,2020's,Gold,,DBA GERMANIUM,,https://www.tonepedia.com/catalog/effects-and-pedals/germanium-filter/,Germanium Filter
Dunlop Electronics,USA,Fuzz,Pedal,Top,True Bypass,Yes,9,Center Negative,Analog,No,0.20,,8.9,5,8.9,00710137066519,,,,,,,,,,,https://www.tonepedia.com/catalog/effects-and-pedals/fuzz/germanium-fuzz-face-mini-distortion/,Germanium Fuzz Face Mini Distortion
Orange,China,Overdrive,Pedal,Sides,Buffered Bypass,Yes,9,Center Negative,Analog,No,0.48,,9.5,6.5,13,05060299176690,,Orange Rockerverb,,,"Headphones Out, Cab Simulator",,,,,,https://www.tonepedia.com/catalog/effects-and-pedals/overdrive-and-boost/getaway-driver/,Getaway Driver
Earthquaker Devices,USA,Reverb,Pedal,Top,True Bypass,No,9,Center Negative,Digital,No,0.27,,6.4,5.7,11.7,00858933004967,,,,,,,,,,,https://www.tonepedia.com/catalog/effects-and-pedals/reverb/ghost-echo-v3/,Ghost Echo V3
Voodoo Lab,USA,Equalizer,Pedal,Top,True Bypass,Yes,9,Center Negative,Analog,No,0.68,,15.2,7.2,17.7,00813140001079,,,,,,,,,,,https://www.tonepedia.com/catalog/effects-and-pedals/eq/giggity/,Giggity
Mad Professor,Finland,Overdrive,Pedal,Sides,True Bypass,Yes,9,Center Negative,Analog,No,0.34,Andy Summers,7.9,6.1,13.7,06430033091258,Delay,,Factory Series,,Option to add delay to the overdrive,,,,,,https://www.tonepedia.com/catalog/effects-and-pedals/overdrive-and-boost/golden-cello/,Golden Cello
Mosky,China,Overdrive,Pedal,Sides,True Bypass,No,9,Center Negative,Analog,No,0.15,,3.6,3.2,9.2,,Boost,Klon,,,,2020's,Gold,,,,https://www.tonepedia.com/catalog/effects-and-pedals/overdrive-and-boost/golden-horse/,Golden Horse
Tone City,China,Overdrive,Pedal,Sides,True Bypass,No,9,Center Negative,Analog,No,0.25,,4.2,5.2,9.3,06970131360073,,,,,,,,,,,https://www.tonepedia.com/catalog/effects-and-pedals/overdrive-and-boost/golden-plexi-overdrive/,Golden Plexi Overdrive
Universal Audio,Malaysia,Reverb,Pedal,Top,"Buffered Bypass, True Bypass",No,9,Center Negative,Digital,No,0.56,,9.2,6.5,14.1,21102030002870,,,,,,,,,,,https://www.tonepedia.com/catalog/effects-and-pedals/reverb/golden-reverberator/,Golden Reverberator
Earthquaker Devices,USA,Phaser,Pedal,Top,True Bypass,No,9,Center Negative,Analog,No,0.32,,6.4,5.7,12.1,00810019910623,,,,,,,,,,,https://www.tonepedia.com/catalog/effects-and-pedals/vibe-and-phase-shifters/grand-orbiter-v3/,Grand Orbiter V3
red sun fx,Germany,Distortion,Pedal,Sides,True Bypass,No,9,Center Negative,Analog,No,0.20,,7,4.5,11.5,,,,,,internal DIP switch,,,,,,https://www.tonepedia.com/catalog/effects-and-pedals/distortion/grantler/,Grantler
Aguilar,USA,Phaser,Pedal,Top,Buffered Bypass,Yes,9,Center Negative,Analog,No,0.29,Paul Turner,6.8,5.3,13.3,00824599001480,,,,,,,,,,,https://www.tonepedia.com/catalog/effects-and-pedals/vibe-and-phase-shifters/grape-phaser/,Grape Phaser
Electro-Harmonix,,Fuzz,Pedal,Sides,True Bypass,Yes,9,Center Negative,Analog,No,0.25,,7,5.1,11.5,00683274012025,Distortion,Electro-Harmonix Sovtek Tall Font Green Russian Big Muff,,,,,,,,,https://www.tonepedia.com/catalog/effects-and-pedals/fuzz/green-russian-big-muff/,Green Russian Big Muff
Vox,UK,Wah,Pedal,Sides,Buffered Bypass,Yes,9,Center Negative,Analog,No,1,"Jimmy Page, George Harrison",10,9,25.5,,,,,,,1967,Grey,6160,,,https://www.tonepedia.com/catalog/effects-and-pedals/wahs-and-filters/grey-wah-1967/,Grey Wah (1967)
TC Electronic,Thailand,Reverb,Pedal,Sides,True Bypass,No,9,Center Negative,Digital,No,0.22,,4.8,4.8,9.3,05706622011688,,TC Electronic Hall Of Fame,Toneprint Series,,"TonePrint , Analog-Dry-Through design",,,,,,https://www.tonepedia.com/catalog/effects-and-pedals/reverb/hall-of-fame-mini-reverb/,Hall of Fame Mini Reverb
JAM Pedals,Greece,"Harmonic Tremolo, Tremolo",Pedal,Sides,True Bypass,Yes,9,Center Negative,Analog,No,0.30,"Dan Steinhardt, Mick Taylor",7.5,5.6,12,05214001611690,,,,,,,,,,,https://www.tonepedia.com/catalog/effects-and-pedals/tremolo/harmonious-monk/,Harmonious Monk
Diamond Pedals,Canada,Chorus,Pedal,Sides,True Bypass,No,9,Center Positive,Analog,No,0.45,,12,5.4,12,,Delay/Pitch,,,,"Autoconfigurable I/O for mono, mono in/stereo out, and stereo in/stereo out operation.",,,,,,https://www.tonepedia.com/catalog/effects-and-pedals/chorus-and-vibrato/hch1-halo-chorus/,HCH1 Halo Chorus
Carl Martin,Denmark,Reverb,Pedal,Top,Buffered Bypass,Yes,9,Center Negative,Analog,No,1.2,Johnny Marr,26,7.1,15,00852940000479,,,Vintage Series,,,,,,,,https://www.tonepedia.com/catalog/effects-and-pedals/reverb/headroom/,Headroom
Anasounds,France,Overdrive,Pedal,Top,True Bypass,No,9,Center Negative,Analog,No,0.29,,12,8,16,03760257570196,,,,,Bass Cut,,,,,,https://www.tonepedia.com/catalog/effects-and-pedals/overdrive-and-boost/high-voltage/,High Voltage
Earthquaker Devices,USA,Fuzz,Pedal,Top,True Bypass,No,9,Center Negative,Analog,No,0.3,Wata,6.4,5.7,12.1,00810019911880,,Triangle Big Muff,,,,,,,,,https://www.tonepedia.com/catalog/effects-and-pedals/fuzz/hizumitas/,Hizumitas
BOSS,Japan,Distortion,Pedal,Sides,Buffered Bypass,No,9,Center Negative,Analog,No,.40,Entombed,7.3,5.9,12.9,,,,Compact,,,1990s,Black,,,,https://www.tonepedia.com/catalog/effects-and-pedals/distortion/hm-2/,HM-2
BOSS,Japan,Distortion,Pedal,Sides,Buffered Bypass,Yes,9,Center Negative,Analog,No,440,,7.3,5.9,12.9,00761294518649,,HM-2,Waza Craft,,,,,,,,https://www.tonepedia.com/catalog/effects-and-pedals/distortion/hm-2w/,HM-2W
Behringer,China,Distortion,Pedal,Sides,Buffered Bypass,Yes,9,Center Negative,Analog,No,.3,,8.6,6.1,15.6,00736211843975,,BOSS HM-2,Compact,,,,,,,,https://www.tonepedia.com/catalog/effects-and-pedals/distortion/behringer-hm300-heavy-metal/,HM300 Heavy Metal
Höfner,Hungary,Overdrive,Pedal,Top,True Bypass,Yes,9,Center Negative,Analog,No,0.30,,11.7,3.6,9.2,,,,,,,,,,,,https://www.tonepedia.com/catalog/effects-and-pedals/overdrive-and-boost/hold-on-tight/,Hold On Tight
Hello Sailor Effects,UK,Chorus,Pedal,Sides,True Bypass,No,9,Center Negative,Analog,No,0.30,,7,3.2,12.1,,,CE-2,,,,,,,,,https://www.tonepedia.com/catalog/effects-and-pedals/chorus-and-vibrato/homeward-chorus/,Homeward Chorus
TC Electronic,China,Fuzz,Pedal,Top,True Bypass,Yes,9,Center Negative,Analog,No,0.50,,7.4,5.8,13.2,04033653015240,,,,,,,,,,,https://www.tonepedia.com/catalog/effects-and-pedals/fuzz/honey-pot-fuzz/,Honey Pot Fuzz
Earthquaker Devices,USA,Fuzz,Pedal,Top,True Bypass,Yes,9,Center Negative,Analog,No,0.27,,6.4,5.7,11.7,00858933004875,,Green Russian Big Muff,,,,,,,,,https://www.tonepedia.com/catalog/effects-and-pedals/fuzz/hoof-v2/,Hoof V2
NUX,China,Overdrive,Pedal,Sides,"Buffered Bypass, True Bypass",No,9,Center Negative,Analog,No,0.27,,6.5,6.6,11.6,00885947103614,,Klon Centaur,,,,,,,,,https://www.tonepedia.com/catalog/effects-and-pedals/overdrive-and-boost/horseman/,Horseman
Joyo,China,Distortion,Pedal,Sides,True Bypass,Yes,9,Center Negative,Analog,No,0.20,,6.2,5.6,11.8,08595234351575,,Marshall JCM800,30 series,,,,,,,,https://www.tonepedia.com/catalog/effects-and-pedals/distortion/hot-plexi/,Hot Plexi
Electro-Harmonix,USA,Overdrive,Pedal,Top,Buffered Bypass,No,12,Proprietary PSU,Analog,Yes,0.50,,12,4.7,18.9,,,,,,,,,,,,https://www.tonepedia.com/catalog/effects-and-pedals/overdrive-and-boost/hot-tubes-overdrive/,Hot Tubes Overdrive
Blackstar Amplification,China,Overdrive,Pedal,Sides,True Bypass,No,9,Center Negative,Analog,Yes,1.2,,16,8,12,00845644000012,,,HT Pedals,,,,Silver,,,,https://www.tonepedia.com/catalog/effects-and-pedals/overdrive-and-boost/ht-drive/,HT-Drive
Earthquaker Devices,USA,Tremolo,Pedal,Top,True Bypass,No,9,Center Negative,Analog,No,0.40,,6.4,5.7,12.1,00810019910746,,,,,,,,,,,https://www.tonepedia.com/catalog/effects-and-pedals/tremolo/hummingbird-v4/,Hummingbird V4
Keeley,USA,"Reverb, Tremolo",Pedal,Sides,True Bypass,No,9,Center Negative,Digital,No,0.35,,6.8,5.8,12,00810026440250,,,,,,,,,,,https://www.tonepedia.com/catalog/effects-and-pedals/reverb/hydra/,Hydra
TC Electronic,Thailand,Compressor,Pedal,Sides,True Bypass,No,9,Center Negative,Digital,No,0.19,,4.9,4.8,9.3,05706622023629,,,,,"TonePrint, Analog-Dry-Through design",,,,,,https://www.tonepedia.com/catalog/effects-and-pedals/compression-and-sustain/hypergravity-mini-compressor/,Hypergravity Mini Compressor
BOSS,Taiwan,Overdrive,Pedal,Sides,Buffered Bypass,Yes,9,Center Negative,Analog,No,0.44,,7.3,5.9,12.9,04957054512330,Distortion,"BOSS BD-2, JHS Angry Charlie",,,Order swapping - Remote Switching,,,,,,https://www.tonepedia.com/catalog/effects-and-pedals/overdrive-and-boost/jb-2-angry-driver/,JB-2 Angry Driver
Diamond Pedals,Canada,Overdrive,Pedal,Sides,True Bypass,Yes,9,Center Negative,Analog,No,0.40,,11.9,5.1,9.3,,Boost,,,,,,,,,,https://www.tonepedia.com/catalog/effects-and-pedals/overdrive-and-boost/jdr3-j-drive-mk3/,JDR3 J-Drive Mk3
Joyo,China,Overdrive,Pedal,Sides,True Bypass,Yes,9,Center Negative,Digital,No,,,6.4,3.8,11.8,06943206700289,,"Ibanez TS-9, Ibanez TS-808",Vintage Series,,,2010s,Green,,,,https://www.tonepedia.com/catalog/effects-and-pedals/overdrive-and-boost/jf-01-vintage-overdrive/,JF-01 Vintage Overdrive
Joyo,China,Overdrive,Pedal,Sides,True Bypass,Yes,9,Center Negative,,No,0.37,,6.5,5.5,12,06943206700296,Distortion,Fulltone OCD,,,,,,,,,https://www.tonepedia.com/catalog/effects-and-pedals/overdrive-and-boost/jf-02-ultimate-drive/,JF-02 Ultimate Drive
Joyo,China,Chorus,Pedal,Sides,True Bypass,Yes,9,Center Negative,Digital,No,0.46,,8.7,3.8,11.8,006943206700326,,,Vintage Series,,,2010s,,,,,https://www.tonepedia.com/catalog/effects-and-pedals/chorus-and-vibrato/jf-05-classic-chorus/,JF-05 Classic Chorus
Joyo,China,Delay,Pedal,Sides,True Bypass,No,9,Center Negative,Digital,No,0.22,,4.3,5,7.3,"06943206703044, 04429515554376",,,Ironman Series,,,,,,,,https://www.tonepedia.com/catalog/effects-and-pedals/delay/jf-304-time-magic/,JF-304 Time Magic
Joyo,China,Overdrive,Pedal,Sides,True Bypass,No,9,Center Negative,Digital,No,0.38,,4.3,5,7.3,06943206703051,,,Ironman Series,,,,,,,,https://www.tonepedia.com/catalog/effects-and-pedals/overdrive-and-boost/jf-305-at-drive/,JF-305 AT Drive
Joyo,China,Distortion,Pedal,Sides,True Bypass,No,9,Center Negative,Digital,No,0.38,,4.3,5,7.3,06943206703136,,,Ironman Series,,,,,,,,https://www.tonepedia.com/catalog/effects-and-pedals/distortion/jf-313-old-school-distortion/,JF-313 Old School Distortion
Joyo,China,Chorus,Pedal,Sides,True Bypass,No,9,Center Negative,Analog,No,0.22,,4.3,5,7.3,06943206703167,,,Ironman Series,,,,,,,,https://www.tonepedia.com/catalog/effects-and-pedals/chorus-and-vibrato/jf-316-future-chorus/,JF-316 Future Chorus
Joyo,China,Overdrive,Pedal,Sides,True Bypass,No,9,Center Negative,Digital,No,0.22,,4.3,5,7.3,06943206703198,,Ibanez Tube Screamer,Iron Man,,,,,,,,https://www.tonepedia.com/catalog/effects-and-pedals/overdrive-and-boost/jf-319-green-legend/,JF-319 Green Legend
Joyo,China,Fuzz,Pedal,Sides,True Bypass,No,9,Center Negative,Analog,No,0.22,,,,,06943206703204,,,Iron Man,,,,,,,,https://www.tonepedia.com/catalog/effects-and-pedals/fuzz/jf-320-purple-storm/,JF-320 Purple Storm
Joyo,China,Tremolo,Pedal,Sides,True Bypass,No,9,Center Negative,Digital,No,0.22,,4.3,5,7.3,"08880675691671, 06943206703259",,,Ironman Series,,,2010s,,,,,https://www.tonepedia.com/catalog/effects-and-pedals/tremolo/jf-325-molo-trem/,JF-325 Molo-Trem
Joyo,China,Distortion,Pedal,Sides,True Bypass,Yes,9,Center Negative,Analog,No,0.24,,11.8,5.6,6.2,06943206700791,,,,,,,,,,,https://www.tonepedia.com/catalog/effects-and-pedals/distortion/jf-35-pocket-metal/,JF-35 Pocket Metal
Joyo,China,Overdrive,Pedal,Sides,True Bypass,Yes,9,Center Negative,Analog,No,0.24,,11.8,5.6,6.2,06943206702368,,,,,,,,,,,https://www.tonepedia.com/catalog/effects-and-pedals/overdrive-and-boost/jf-36-sweet-baby-overdrive/,JF-36 Sweet Baby Overdrive
Dunlop Electronics,USA,Fuzz,Pedal,Sides,True Bypass,Yes,,Center Negative,Analog,No,0.35,,6,5,11,00710137098565,Distortion,Dallas Arbiter Fuzz Face,Authentic Hendrix,,,,,,,,https://www.tonepedia.com/catalog/effects-and-pedals/fuzz/jimi-hendrix-fuzz-face-distortion/,Jimi Hendrix Fuzz Face Distortion
Dunlop Electronics,USA,Fuzz,Pedal,Top,True Bypass,Yes,9,Center Negative,Analog,No,0.23,,8.9,5,8.9,00710137066533,,Dunlop Electronics JHF-1,Authentic Hendrix,,,,,,,,https://www.tonepedia.com/catalog/effects-and-pedals/fuzz/jimi-hendrix-fuzz-face-mini-distortion/,Jimi Hendrix Fuzz Face Mini Distortion
Analog Alien,USA,"Compressor, Overdrive",Pedal,Top,True Bypass,Yes,9,Center Negative,Analog,No,0.80,Joe Walsh,14.6,3.8,12,,,,,,,,,,,,https://www.tonepedia.com/catalog/effects-and-pedals/overdrive-and-boost/joe-walsh-double-classic/,Joe Walsh Double Classic
JEN,Italy,Fuzz,Pedal,Top,Buffered Bypass,Yes,9,,Analog,No,0.80,,11,7.5,2.2,,,Electro Harmonix Big Muff V1,,,,1974,,,,,https://www.tonepedia.com/catalog/effects-and-pedals/fuzz/jumbo-fuzz-70s/,Jumbo Fuzz (70s)
TC Electronic,China,Chorus,Pedal,Top,True Bypass,Yes,9,Center Negative,Analog,No,0.50,,8.5,5.6,13.6,04033653180405,,Roland Jono-60 Synthesizer,,,,,,,,,https://www.tonepedia.com/catalog/effects-and-pedals/chorus-and-vibrato/june-60/,June-60
Tone City,China,Overdrive,Pedal,Sides,True Bypass,No,9,Center Negative,Analog,No,0.25,,4.2,5.2,9.3,06970131360066,,,Mini Pedals,,,,,,,,https://www.tonepedia.com/catalog/effects-and-pedals/overdrive-and-boost/kaffir-lime/,Kaffir Lime
Effesk,The Netherlands,Fuzz,Pedal,One side,Buffered Bypass,No,9,,Analog,No,.35,,6.6,3.5,12.1,,Noise Generator,,,,Pitch Shift,,,,,,https://www.tonepedia.com/catalog/effects-and-pedals/fuzz/krankjorum/,Krankjorum
Electro-Harmonix,,Fuzz,Pedal,Sides,True Bypass,Yes,9,Center Negative,Analog,No,0.35,,10.2,8.9,12.1,00683274010496,Distortion,Electro-Harmonix Big Muff Pi,,,,,,,,,https://www.tonepedia.com/catalog/effects-and-pedals/fuzz/little-big-muff-pi/,Little Big Muff Pi
JAM Pedals,Greece,Overdrive,Pedal,Sides,True Bypass,No,9,Center Negative,Analog,No,0.30,,7,4.8,11.1,05214001611119,Boost,,,,,,,,,,https://www.tonepedia.com/catalog/effects-and-pedals/overdrive-and-boost/lucydreamer/,Lucydreamer
JAM Pedals,Greece,Overdrive,Pedal,Side,True Bypass,No,9,Center Negative,Analog,No,0.30,,7.5,5.6,12,05214001611249,,,,,,,,,,,https://www.tonepedia.com/catalog/effects-and-pedals/bass-pedals/lucydreamer-bass/,Lucydreamer Bass
MXR,USA,Overdrive,Pedal,Sides,True Bypass,No,9,Center Negative,Analog,No,0.13,,4,55,9,,Boost,Klon,,,,2020's,Gold,,,,https://www.tonepedia.com/catalog/effects-and-pedals/overdrive-and-boost/m-294-sugar-drive/,M 294 Sugar Drive
MXR,USA,Compressor,Pedal,Sides,True Bypass,Yes,9,Center Negative,Analog,No,0.38,"Billie Joe Armstrong, The Edge",6.4,3.2,11.5,00710137006539,,,,,,2000s,Red,,,,https://www.tonepedia.com/catalog/effects-and-pedals/compression-and-sustain/m102-dyna-comp/,M102 Dyna Comp
red sun fx,Germany,Fuzz,Pedal,Sides,True Bypass,No,9,Center Negative,Analog,No,0.38,Mammut,10,11.6,5.2,,Distortion,EHX Big Muff Green Russian,,,internal DIP switches,,,,,,https://www.tonepedia.com/catalog/effects-and-pedals/fuzz/mammut-muff/,Mammut Muff
BOSS,Taiwan,Distortion,Pedal,Sides,Buffered Bypass,Yes,9,Center Negative,Analog,No,0.41,,7.3,5.9,12.9,"04957054057527, 00761294057520",,,,,,,,,,,https://www.tonepedia.com/catalog/effects-and-pedals/distortion/md-2-mega-distortion/,MD-2 Mega Distortion
Electro-Harmonix,USA,Delay,Pedal,Sides,True Bypass,Yes,9,Center Negative,Analog,No,0.25,,7.0,5.4,11.5,00683274011035,,Electro-Harmonix Memory Man,Nano Series,,MOD Toggle Switch,,"Black, Silver",,,,https://www.tonepedia.com/catalog/effects-and-pedals/delay/memory-toy/,Memory Toy
EBS,China,Distortion,Pedal,Sides,True Bypass,Yes,"9, 12",Center Negative,Analog,No,0.40,,7,3.5,11.5,07332100240400,,,Studio Edition,,MOD selector for a variety of distortion sounds,,,,,,https://www.tonepedia.com/catalog/effects-and-pedals/distortion/metaldrive-studio-edition/,MetalDrive Studio Edition
MXR,"China, Taiwan",Chorus,Pedal,Sides,True Bypass,Yes,9,Center Negative,Analog,No,0.38,"Jim Root, Stephen Carpenter",5.9,4.8,11,00710137045880,,,,,,2010s,,,,,https://www.tonepedia.com/catalog/effects-and-pedals/chorus-and-vibrato/micro-chorus-m148/,Micro Chorus M148
Darkglass Electronics,Finland,Overdrive,Pedal,Sides,True Bypass,No,9,Center Negative,Analog,No,0.29,,7.5,4.5,11.3,06430054580137,,,,,,,,,,,https://www.tonepedia.com/catalog/effects-and-pedals/overdrive-and-boost/microtubes-b3k-v2/,Microtubes B3K V2
Electro-Harmonix,USA,Envelope Filter,Pedal,Top,Buffered Bypass,Yes,9,TRS,Analog,No,0.5,Wes Borland,10.2,8.9,12.1,,,,,,,,,,,,https://www.tonepedia.com/catalog/effects-and-pedals/wahs-and-filters/mini-q-tron/,Mini Q-Tron
KMA Audio Machines,Germany,Fuzz,Pedal,Sides,True Bypass,No,9,Center Negative,Analog,No,0.24,,6,5,11.2,00651650248832,,Tonebender MKII,,,,,,,,,https://www.tonepedia.com/catalog/effects-and-pedals/fuzz/minos-germanium-fuzz/,Minos Germanium Fuzz
BOSS,Taiwan,Distortion,Pedal,Sides,Buffered Bypass,Yes,9,Center Negative,Digital,No,0.44,,7.3,5.9,12.9,"00761294403556, 04957054403553",,,,,,,,,,,https://www.tonepedia.com/catalog/effects-and-pedals/distortion/ml-2-metal-core/,ML-2 Metal Core
Diamond Pedals,Canada,Delay,Pedal,Sides,Buffered Bypass,Yes,9,Center Negative,Hybrid,No,0.42,,11.9,5.1,9.3,00758353632743,,,,,Tap tempo,,,,,,https://www.tonepedia.com/catalog/effects-and-pedals/delay/mlnjr-memory-lane-jr/,MLNJr Memory Lane Jr
BOSS,Taiwan,Overtone Generator,Pedal,Sides,Buffered Bypass,Yes,9,Center Negative,Digital,No,0.43,,7,5.5,12.5,04957054503765,,,,,,,,,,,https://www.tonepedia.com/catalog/effects-and-pedals/octave-and-pitch/mo-2-multi-overtone/,MO-2 Multi Overtone
KMA Audio Machines,Germany,Octaver,Pedal,Top,True Bypass,No,9,Center Negative,Analog,No,0.55,,14.6,6,12.1,00651650248818,,,,,,,,,,,https://www.tonepedia.com/catalog/effects-and-pedals/octave-and-pitch/moai-maea/,Moai Maea
BOSS,Taiwan,Distortion,Pedal,Sides,Buffered Bypass,Yes,9,Center Negative,Analog,No,0.41,,7.3,5.9,12.9,"00761294020937, 04957054020934",,,,,,,,,,,https://www.tonepedia.com/catalog/effects-and-pedals/distortion/mt-2-metal-zone/,MT-2 Metal Zone
BOSS,Japan,Distortion,Pedal,Sides,Buffered Bypass,Yes,9,Center Negative,Analog,No,0.41,,7.3,5.9,12.9,04957054513535,,,WAZA CRAFT,,,,,,,,https://www.tonepedia.com/catalog/effects-and-pedals/distortion/mt-2w-metal-zone/,MT-2W Metal Zone
EBS,Sweden,Compressor,Pedal,Sides,Buffered Bypass,No,9,Center Negative,Analog,No,0.40,,7.0,3.5,11.5,07332100120306,,,,,,2015,,,,,https://www.tonepedia.com/catalog/effects-and-pedals/compression-and-sustain/multicomp/,MultiComp
EBS,China,Overdrive,Pedal,Sides,True Bypass,Yes,9,Center Negative,Analog,No,0.40,,6.1,4.5,11,07332100240301,,,,,3 Modes: Tubesim/Flat/Standard,,,,,,https://www.tonepedia.com/catalog/effects-and-pedals/overdrive-and-boost/multidrive-studio-edition/,MultiDrive Studio Edition
Vox,Vietnam,Overdrive,Pedal,Sides,True Bypass,Yes,9,Center Negative,Analog,Yes,0.35,,7.2,5.5,12,04058059215834,,,,,,,,,,,https://www.tonepedia.com/catalog/effects-and-pedals/overdrive-and-boost/mystic-edge/,Mystic Edge
Electro-Harmonix,,Fuzz,Pedal,Sides,True Bypass,Yes,9,Center Negative,Analog,No,0.25,,6.2,5,11,00683274011462,Distortion,Electro Harmonix Big Muff Pi,,,,,,,,,https://www.tonepedia.com/catalog/effects-and-pedals/fuzz/nano-big-muff-pi/,Nano Big Muff Pi
TC Electronic,China,Octaver,Pedal,Sides,True Bypass,Yes,9,Center Negative,Analog,No,0.50,,7.4,5.8,13.2,04033653015271,,,,,,,,,,,https://www.tonepedia.com/catalog/effects-and-pedals/octave-and-pitch/nether/,Nether
Diamond Pedals,Canada,Overdrive,Pedal,Sides,True Bypass,Yes,9,Center Negative,Analog,No,0.35,,6.4,6.1,12.3,,,,,,,2010s,,,,,https://www.tonepedia.com/catalog/effects-and-pedals/overdrive-and-boost/nine-zero-two/,Nine Zero Two
Ibanez,Japan,Overdrive,Pedal,Sides,True Bypass,Yes,9,Center Negative,Analog,Yes,0.58,,7,5.2,12.5,04549763061768,,TS-808,,,NU-Tube,,,,,,https://www.tonepedia.com/catalog/effects-and-pedals/overdrive-and-boost/nu-tubescreamer/,Nu Tubescreamer
BOSS,Taiwan,Octaver,Pedal,Sides,Buffered Bypass,Yes,9,Center Negative,Digital,No,0.44,,7.3,5.9,12.9,"00761294083840, 04957054083847",Poly Octave/OC-2 Mode,,,,,,,,,,https://www.tonepedia.com/catalog/effects-and-pedals/octave-and-pitch/oc-3-super-octave/,OC-3 Super Octave
BOSS,Taiwan,Octaver,Pedal,Sides,Buffered Bypass,Yes,9,Center Negative,Digital,,0.44,,7.3,5.9,12.9,04957054516932,,BOSS OC-2,Compact,,,,,,,,https://www.tonepedia.com/catalog/effects-and-pedals/octave-and-pitch/oc-5/,OC-5
EBS,China,Octaver,Pedal,Sides,True Bypass,Yes,9,Center Negative,Analog,No,0.31,,6.6,4.8,11.4,07332100170103,,,,,,,,,,,https://www.tonepedia.com/catalog/effects-and-pedals/bass-pedals/octabass/,Octabass
Aguilar,USA,Octaver,Pedal,Top,Buffered Bypass,Yes,9,Center Negative,Analog,No,0.49,,6.8,13.3,5.3,04017269239740,,,,,,2000s,Red,,,,https://www.tonepedia.com/catalog/effects-and-pedals/bass-pedals/octamizer/,Octamizer
Gojira,UK,Octaver,Pedal,Sides,True Bypass,No,9,Center Negative,Analog,No,0.34,,10,5,12,,Fuzz,,,,,,,,,,https://www.tonepedia.com/catalog/effects-and-pedals/octave-and-pitch/octave-generator/,Octave Generator
Electro-Harmonix,USA,Overdrive,Pedal,Sides,True Bypass,Yes,9,Center Negative,Analog,No,0.3,,7.0,5.4,11.5,00683274011455,,Fulltone OCD,Nano Series,,Mode Toggle Switch,,"Black, Silver",,,,https://www.tonepedia.com/catalog/effects-and-pedals/overdrive-and-boost/electro-harmonix-glove-overdrive-pedal/,OD Glove
BOSS,Japan,Overdrive,Pedal,Sides,Buffered Bypass,Yes,9,Center Negative,Analog,No,0.4,"Tony Iommi, Joe Satriani, Pete Townshend, Ed O'Brien, Rory Gallagher, Jerry Garcia, Richie Sambora, Lindsey Buckingham",7.9,5.9,12.9,,,,Compact,,,1984,,,,,https://www.tonepedia.com/catalog/effects-and-pedals/overdrive-and-boost/od-1-1984/,OD-1 (1984)
BOSS,Taiwan,Overdrive,Pedal,Sides,Buffered Bypass,Yes,9,Center Negative,Analog,No,0.41,,7.3,5.9,12.9,04957054044220,,,,,,,,,,,https://www.tonepedia.com/catalog/effects-and-pedals/overdrive-and-boost/boss-od-3-overdrive-effects-unit/,OD-3 OverDrive
BOSS,Taiwan,Overdrive,Pedal,Sides,Buffered Bypass,Yes,9,Center Negative,Digital,No,0.45,"Orianthi, Brandon Small, Chris Payton",7.3,5.9,12.9,"00761294505984, 04957054505981",,,,,,,,,,,https://www.tonepedia.com/catalog/effects-and-pedals/overdrive-and-boost/od-1x-overdrive/,OD-1X Overdrive
Behringer,China,Overdrive,Pedal,Sides,Buffered Bypass,Yes,9,Center Negative,Analog,No,.3,,8.6,6.1,15.6,04033653052313,Distortion,,Compact,,,,,,,,https://www.tonepedia.com/catalog/effects-and-pedals/overdrive-and-boost/behringer-od300-overdrive-distortion/,OD300 Overdrive Distortion
BOSS,Taiwan,Overdrive,Pedal,Sides,True Bypass,Yes,9,Center Negative,Analog,No,0.42,,7.3,5.9,12.9,"00761294035474, 004957054035471",,,,,,,Yellow,,,,https://www.tonepedia.com/catalog/effects-and-pedals/overdrive-and-boost/odb-3-bass-overdrive/,ODB-3 Bass OverDrive
Pettyjohn,USA,Overdrive,Pedal,Top,True Bypass,No,,Center Negative,Analog,No,0.45,,6.3,6.3,12,,,BOSS OD-1,,,,,,,,,https://www.tonepedia.com/catalog/effects-and-pedals/overdrive-and-boost/odi-classic-nos/,ODI Classic / NOS
Pettyjohn,USA,Overdrive,Pedal,Top,True Bypass,No,9,Center Negative,Analog,No,0.45,,6.3,6.3,12,,,BOSS OD-1,,,,,Yellow,,,,https://www.tonepedia.com/catalog/effects-and-pedals/overdrive-and-boost/odi-standard/,ODI Standard
BOSS,Taiwan,Overdrive,Pedal,Sides,Buffered Bypass,Yes,9,Center Negative,Analog,No,0.40,,7.3,5.9,12.9,"00761294018293, 04957054018290",Distortion,,,,,,,,,,https://www.tonepedia.com/catalog/effects-and-pedals/overdrive-and-boost/os-2-overdrive-distortion/,OS-2 Overdrive/Distortion
Carl Martin,China,Auto Wah,Pedal,Top,True Bypass,No,9,Center Negative,Analog,,340,,6,5,11.5,00852940000967,,,Vintage Series,,,,,,,,https://www.tonepedia.com/catalog/effects-and-pedals/wahs-and-filters/ottawa/,Ottawa
Greedtone,,Overdrive,Pedal,Top,True Bypass,No,9,Center Negative,Analog,No,0.25,,11.5,3.3,9,,,,,,Pre-gain Bass Control,,,,,,https://www.tonepedia.com/catalog/effects-and-pedals/overdrive-and-boost/overdrive-2/,Overdrive 2
DOD,USA,Overdrive,Pedal,Sides,Buffered Bypass,Yes,9,Center Negative,Analog,No,0.28,Yngwie Malmsteen,6.6,5.7,11.8,,,,,,,1979,,,,,https://www.tonepedia.com/catalog/effects-and-pedals/overdrive-and-boost/overdrive-preamp-250-1979/,Overdrive Preamp 250 (1979)
Ibanez,Japan,Overdrive,Pedal,Sides,True Bypass,Yes,9,Center Negative,,No,0.83,,13.7,5.2,12,04515276655398,Boost,,,,"JRC4558D, Clean Boost",2010s,,,,,https://www.tonepedia.com/catalog/effects-and-pedals/overdrive-and-boost/overdrive-pro-ts808dx-boosted-ibanez-tube-screamer/,Overdrive Pro TS808DX
Carl Martin,China,Overdrive,Pedal,Top,True Bypass,No,9,Center Negative,Analog,No,0.34,,6,5,11.5,00852940000912,,,Vintage Series,,,,,,,,https://www.tonepedia.com/catalog/effects-and-pedals/overdrive-and-boost/panama/,Panama
Wampler,USA,Overdrive,Pedal,Top,True Bypass,No,9,Center Negative,Analog,No,0.5,Lee Alexander,11.4,3.8,8.9,00763815133218,,"Wampler Pantheon Overdrive, Marshall Bluesbreaker MK1",,,Dual Channel Overdrive with channel stacking,2020's,Blue,,Dual Pantheon,,https://www.tonepedia.com/catalog/effects-and-pedals/overdrive-and-boost/pantheon-dual-overdrive-deluxe/,Pantheon Dual Overdrive Deluxe
Earthquaker Devices,USA,Fuzz,Pedal,Top,True Bypass,Yes,9,Center Negative,Analog,No,0.35,,6.4,5.7,11.8,00810019910913,,Park Amplification Park Fuzz,,,,,,,,,https://www.tonepedia.com/catalog/effects-and-pedals/fuzz/park-fuzz/,Park Fuzz
BOSS,Japan,Phaser,Pedal,Sides,Buffered Bypass,Yes,9,Center Negative,Analog,No,0.4,Jake E. Lee,7.3,5.9,12.9,,,,,,,1979,,,,,https://www.tonepedia.com/catalog/effects-and-pedals/vibe-and-phase-shifters/ph-1-phaser-1979/,PH-1 Phaser (1979)
MXR,USA,Phaser,Pedal,Sides,Buffered Bypass,Yes,9,TRS,Analog,No,0.66,,9.2,5.3,12.3,,,,,,,1983,,,,,https://www.tonepedia.com/catalog/effects-and-pedals/vibe-and-phase-shifters/phase-100-block/,Phase 100 (Block)
BOSS,Taiwan,Phaser,Pedal,Sides,Buffered Bypass,Yes,9,Center Negative,Digital,No,0.42,,7.3,5.9,12.9,"04957054053031, 00761294053034",,BOSS PH-1,,,,,,,,,https://www.tonepedia.com/catalog/effects-and-pedals/vibe-and-phase-shifters/ph-3-phase-shifter/,PH-3 Phase Shifter
MXR,USA,Phaser,Pedal,Sides,Buffered Bypass,Yes,9,Center Negative,Analog,No,0.66,,9.2,5.3,12.3,,,,,,,1976,,,,,https://www.tonepedia.com/catalog/effects-and-pedals/vibe-and-phase-shifters/phase-100-script/,Phase 100 (Script)
MXR,USA,Phaser,Pedal,Sides,Buffered Bypass,Yes,,,Analog,No,0.38,David Gilmour,11.4,6.4,14,,,,,,,1976,,,,,https://www.tonepedia.com/catalog/effects-and-pedals/vibe-and-phase-shifters/phase-45/,Phase 45
Ibanez,Japan,Phaser,Pedal,Sides,True Bypass,No,9,Center Negative,Analog,No,0.28,,5.1,5.5,9.2,04549763281791,,,MINI Series,,,,,,,,https://www.tonepedia.com/catalog/effects-and-pedals/vibe-and-phase-shifters/phaser-mini/,Phaser Mini
red sun fx,Germany,Boost,Pedal,Sides,Buffered Bypass,No,9,Center Negative,Analog,No,0.18,Finn Grabke,7,4.5,11.5,,,,,,internal DIP switches for Buffer Function,,,,,,https://www.tonepedia.com/catalog/effects-and-pedals/overdrive-and-boost/pictureboost/,Pictureboost
Gamechanger Audio,Latvia,Distortion,Pedal,Top,True Bypass,No,9,Center Negative,Analog,Yes,0.84,,9.4,7,14.8,04250503871997,Overdrive,,,,,,,,,,https://www.tonepedia.com/catalog/effects-and-pedals/distortion/plasma-pedal/,Plasma Pedal
Carl Martin,China,Overdrive,Pedal,Top,Buffered Bypass,No,9,Center Negative,Analog,No,0.40,Brett Kingman,10,5.8,12.2,,Treble Booster,Range Master,,,,,,,,,https://www.tonepedia.com/catalog/effects-and-pedals/overdrive-and-boost/plexiranger/,PlexiRanger
Carl Martin,China,Overdrive,Pedal,Sides,Buffered Bypass,No,9,,Analog,No,0.28,"Pete Thorn, James Mulvaney",7.2,5.7,11.2,00852940000653,,Carl Martin PlexiTone,Pro Series,,,,,,,,https://www.tonepedia.com/catalog/effects-and-pedals/overdrive-and-boost/plexitone-lo-gain/,PlexiTone Lo Gain
Earthquaker Devices,USA,Overdrive,Pedal,Top,True Bypass,No,9,Center Negative,Analog,No,0.40,,6.4,11.8,5.7,00810019911347,,,,,,,,,,,https://www.tonepedia.com/catalog/effects-and-pedals/overdrive-and-boost/plumes/,Plumes
Analog Alien,USA,Boost,Pedal,Sides,True Bypass,Yes,9,Center Negative,Analog,No,0.40,,6.6,3.5,12.1,,,,,,,,,,,,https://www.tonepedia.com/catalog/effects-and-pedals/overdrive-and-boost/power-pack/,Power Pack
Ashdown,China,Octaver,Pedal,Top,True Bypass,No,9,Center Negative,Analog,No,0.60,,7.3,4.5,11.6,00745114660244,,,Pro FX,,,,,,,,https://www.tonepedia.com/catalog/effects-and-pedals/bass-pedals/pro-ff-sub-harmonic-generator/,PRO FF Sub Harmonic Generator
Ashdown,China,Overdrive,Pedal,Top,True Bypass,No,9,Center Negative,Analog,No,0.60,,7.3,4.5,11.6,00745114660251,,,Pro FX,,,,,,,,https://www.tonepedia.com/catalog/effects-and-pedals/overdrive-and-boost/pro-fx-double-shot/,PRO FX Double Shot
Voodoo Lab,USA,Fuzz,Pedal,Top,True Bypass,Yes,9,Center Negative,Analog,No,0.64,,15.2,5.7,17.8,00813140001055,"Fuzz, Octaver",Tycobrahe Sound Company's Octavia,,,,,,,,,https://www.tonepedia.com/catalog/effects-and-pedals/fuzz/proctavia/,Proctavia
BOSS,Taiwan,Pitch Shifter,Pedal,Sides,Buffered Bypass,Yes,9,Center Negative,Digital,No,0.44,,7.3,5.9,12.9,04957054413293,,,,,,,,,,,https://www.tonepedia.com/catalog/effects-and-pedals/octave-and-pitch/ps-6-harmonist/,PS-6 Harmonist
Fender,China,Distortion,Pedal,Sides,True Bypass,Yes,9,Center Negative,Analog,No,0.54,,14,7.6,19,00885978891160,,,,,,,,,,,https://www.tonepedia.com/catalog/effects-and-pedals/distortion/pugilist-distortion/,Pugilist Distortion
Carl Martin,China,Vibe,Pedal,Top,Buffered Bypass,No,9,Center Negative,Analog,No,0.35,"Brian Ray, Michael Thompson, James Mulvaney, Alberto Barrero",6,5,11.5,00852940000608,Fuzz,,Vintage Series,,Optional Fuzz added to the circuit,,,,,,https://www.tonepedia.com/catalog/effects-and-pedals/chorus-and-vibrato/purple-moon/,Purple Moon
Earthquaker Devices,USA,Octaver,Pedal,Top,True Bypass,No,9,Center Negative,Analog,No,0.45,,9.3,5.7,11.8,00855755007237,"Chorus, Delay",,,,,,,,,,https://www.tonepedia.com/catalog/effects-and-pedals/octave-and-pitch/rainbow-machine-v2/,Rainbow Machine V2
Tate FX,UK,Fuzz,Pedal,Top,True Bypass,No,9,Center Negative,Analog,,0.25,,6.6,3.5,12.1,,,Fuzz Face,,,Pickup simulator,,,,,,https://www.tonepedia.com/catalog/effects-and-pedals/fuzz/raise-the-dead/,Raise The Dead
Tube Amp Doctor,Germany,Boost,Pedal,Sides,True Bypass,Yes,9,Center Negative,Analog,No,0.65,,9.4,3.4,11.9,04251594901716,,,,,,,,,,,https://www.tonepedia.com/catalog/effects-and-pedals/overdrive-and-boost/rangeking/,RangeKing
ProCo,USA,Distortion,Pedal,Top,True Bypass,Yes,9,Center Negative,Analog,No,0.80,,8.9,7.9,10.4,,,,,,,1987,,,,,https://www.tonepedia.com/catalog/effects-and-pedals/distortion/rat-1987-2/,RAT (1987)
ProCo,USA,Distortion,Pedal,Top,True Bypass,Yes,9,TRS,Analog,No,0.80,"Curt Cobain, David Gilmore, James Hetfield, Andy Summers, Joe Walsh, and many more...",8.9,7.9,10.4,,,,,,,1987,,,,,https://www.tonepedia.com/catalog/effects-and-pedals/distortion/rat-1987/,RAT (1987)
Wampler,USA,Distortion,Pedal,Sides,True Bypass,No,9,Center Negative,Analog,No,0.22,,3.8,3.8,8.9,00763815132938,,ProCo RAT,,,,,,,,,https://www.tonepedia.com/catalog/effects-and-pedals/distortion/ratsbane/,Ratsbane
JAM Pedals,Greece,Distortion,Pedal,Sides,True Bypass,Yes,9,Center Negative,Analog,No,0.25,"Nels Cline, Kurt Rosenwinkel, Robert Randolph, Julien Kasper",6,3.2,11.1,05214001611140,,Pro Co RAT,,,,,,,,,https://www.tonepedia.com/catalog/effects-and-pedals/distortion/rattler/,Rattler
JAM Pedals,Greece,Distortion,Pedal,Sides,True Bypass,Yes,9,Center Negative,Analog,No,0.30,,7,5.6,12,05214001611263,,ProCo RAT,,,,,,,,,https://www.tonepedia.com/catalog/effects-and-pedals/distortion/rattler-bass/,Rattler Bass
BOSS,Malaysia,Delay,Pedal,Sides,Buffered Bypass,Yes,9,Center Negative,Digital,No,4.5,,7.3,5.9,12.9,04957054519025,,RE:201 Space Echo,Compact,,Carry Over Switch,2022,,,,,https://www.tonepedia.com/catalog/effects-and-pedals/delay/re-2/,RE-2
BOSS,Taiwan,Delay,Pedal,Top,Buffered Bypass,Yes,9,Center Negative,Digital,No,1.10,,17.3,5.7,15.8,04957054403706,,RE:201 Space Echo,20,,,,,,,,https://www.tonepedia.com/catalog/effects-and-pedals/delay/re-20-space-echo/,RE-20 Space Echo
JAM Pedals,Greece,Fuzz,Pedal,Sides,True Bypass,No,9,Center Negative,Analog,No,0.30,,7.5,5.6,12,05214001611256,,,,,,,,,,,https://www.tonepedia.com/catalog/effects-and-pedals/fuzz/red-muck-bass/,Red Muck Bass
JAM Pedals,Greece,Fuzz,Pedal,Sides,True Bypass,Yes,9,Center Negative,Analog,No,0.25,,6.8,4.7,11.1,05214001611171,,,,,,,,,,,https://www.tonepedia.com/catalog/effects-and-pedals/fuzz/red-muck-mk-2/,Red Muck Mk. 2
Carl Martin,Denmark,Delay,Pedal,Top,Buffered Bypass,No,9,Center Negative,Hybrid,No,0.35,,9.5,5.6,12,"00852940000837, 00852940000257",Acoustic Simulator,,Vintage Series,,,,,,,,https://www.tonepedia.com/catalog/effects-and-pedals/delay/red-repeat/,Red Repeat
EBS,Sweden,Chorus,Pedal,Sides,True Bypass,No,9,Center Negative,Analog,No,0.40,,7,3.5,11.5,07332100030308,Flanger,,,,,2015,,,,,https://www.tonepedia.com/catalog/effects-and-pedals/chorus-and-vibrato/red-twister/,Red Twister
JAM Pedals,Greece,Vibe,Pedal,Sides,True Bypass,No,9,Center Negative,Analog,No,0.35,,9.5,12,3.4,05214001611010,,,,,,,,,,,https://www.tonepedia.com/catalog/effects-and-pedals/vibe-and-phase-shifters/retrovibe-mk-2/,Retrovibe Mk.2
JAM Pedals,Greece,Phaser,Pedal,Sides,True Bypass,Yes,9,Center Negative,Analog,No,0.21,,7,4.8,11.1,05214001611058,,,,,,,,,,,https://www.tonepedia.com/catalog/effects-and-pedals/vibe-and-phase-shifters/ripple/,Ripple
Mad Professor,Finland,Overdrive,Pedal,Sides,True Bypass,Yes,9,Center Negative,Analog,No,0.34,Matt Schofield,7.9,6.1,13.7,06430033091302,,,Factory Series,,,2010s,,,,,https://www.tonepedia.com/catalog/effects-and-pedals/overdrive-and-boost/royal-blue-overdrive/,Royal Blue Overdrive
Analog Alien,USA,"Delay, Overdrive, Reverb",Pedal,Top,True Bypass,Yes,9,Center Negative,Analog,No,0.80,,14.6,3.8,12,,,,,,,,,,,,https://www.tonepedia.com/catalog/effects-and-pedals/overdrive-and-boost/rumble-seat/,Rumble Seat
TC Electronic,China,Fuzz,Pedal,Top,True Bypass,Yes,9,Center Negative,Analog,No,0.50,,7.4,5.8,13.2,04033653014977,,,,,,,,,,,https://www.tonepedia.com/catalog/effects-and-pedals/fuzz/rusty-fuzz/,Rusty Fuzz
BOSS,Taiwan,Reverb,Pedal,Sides,Buffered Bypass,Yes,9,Center Negative,Digital,No,0.45,,7.3,5.9,12.9,04957054507282,,,,,,,,,,,https://www.tonepedia.com/catalog/effects-and-pedals/reverb/rv-6-reverb/,RV-6 Reverb
Anasounds,France,Overdrive,Pedal,Top,True Bypass,No,9,Center Negative,Analog,No,0.43,,6,4,12,03760257570059,,,,,,,,,,,https://www.tonepedia.com/catalog/effects-and-pedals/overdrive-and-boost/savage/,Savage
TC Electronic,China,Chorus,Pedal,Top,Buffered Bypass,No,9,Center Negative,Analog,No,0.34,Eric Johnson,9.4,4.8,12.7,04033653016797,"Flanger, Modulation, Pitch Shifter",TC Electronic SCF,,,,2020's,Black,,,,https://www.tonepedia.com/catalog/effects-and-pedals/chorus-and-vibrato/scf-gold/,SCF Gold
MXR,USA,Compressor,Pedal,Sides,True Bypass,Yes,9,Center Negative,Analog,No,0.38,"Bob Bradshaw, Eddie Van Halen, Slash, Prince, Joe Perry, Lenny Kravitz, Kirk Hammet, The Edge, Steve Lukather, Zakk Wylde",6.4,3.2,11.5,00710137095564,,1976 MXR Dyna Comp Script Logo,,,,2010s,Red,,,,https://www.tonepedia.com/catalog/effects-and-pedals/compression-and-sustain/script-dyna-comp-compressor/,Script Dyna Comp Reissue CSP102SL
BOSS,Taiwan,,Pedal,Sides,Buffered Bypass,Yes,9,Center Negative,Analog,No,0.40,,7.3,5.9,12.9,"00761294008508, 04957054008505",,,,,,,,,,,https://www.tonepedia.com/catalog/effects-and-pedals/overdrive-and-boost/sd-1-super-overdrive/,SD-1 Super Overdrive
BOSS,Taiwan,Overdrive,Pedal,Sides,Buffered Bypass,Yes,9,Center Negative,Analog,No,0.43,,7.3,5.9,12.9,"00761294506523, 04957054506520",,BOSS SD-1,WAZA CRAFT,,,,,,,,https://www.tonepedia.com/catalog/effects-and-pedals/overdrive-and-boost/sd-1w-super-overdrive/,SD-1W Super Overdrive
Behringer,China,Fuzz,Pedal,Sides,Buffered Bypass,Yes,9,Center Negative,Analog,No,.3,,8.6,6.1,15.6,00689076115919,,BOSS FZ-2,Compact,,Secret Mode,,,,,,https://www.tonepedia.com/catalog/effects-and-pedals/fuzz/behringer-sf300-super-fuzz/,SF300 Super Fuzz
TC Electronic,Thailand,Vibrato,Pedal,Sides,True Bypass,No,9,Center Negative,Digital,No,0.18,Mac DeMarco,4.8,4.8,9.3,05706622019691,,TC Electronic Shaker Vibrato,Toneprint Series,,"TonePrint , Analog-Dry-Through design",2010s,,,,,https://www.tonepedia.com/catalog/effects-and-pedals/chorus-and-vibrato/shaker-mini-vibrato/,Shaker Mini Vibrato
Dunlop Electronics,USA,Fuzz,Pedal,Top,True Bypass,Yes,9,Center Negative,Analog,No,0.20,,8.9,5,8.9,00710137065970,,Fuzz Face,,,,,,,,,https://www.tonepedia.com/catalog/effects-and-pedals/fuzz/silicon-fuzz-face-mini-distortion/,Silicon Fuzz Face Mini Distortion
Vox,Vietnam,Overdrive,Pedal,Sides,True Bypass,No,9,Center Negative,Analog,Yes,0.35,,7.2,5.5,12,04058059215858,,,,,,,,,,,https://www.tonepedia.com/catalog/effects-and-pedals/overdrive-and-boost/silk-drive/,Silk Drive
Mad Professor,Finland,Reverb,Pedal,Sides,True Bypass,Yes,9,Center Negative,Hybrid,No,0.34,,7.9,6.1,13.7,06430033091265,,,Factory Series,,,2010s,,,,,https://www.tonepedia.com/catalog/effects-and-pedals/reverb/silver-spring-reverb/,Silver Spring Reverb
Carl Martin,China,Overdrive,,Sides,Buffered Bypass,No,9,Center Negative,Analog,No,0.28,"Pete Thorn, Joash Gooch, Johnny Marr, Rick Graham",7.2,5.7,11.2,00852940000585,,Carl Martin AC Tone,Pro-Series,,Active Buffered Bypass,2010s,,,,,https://www.tonepedia.com/catalog/effects-and-pedals/overdrive-and-boost/single-channel-ac-tone/,Single Channel AC Tone
TC Electronic,China,Reverb,Pedal,Top,True Bypass,Yes,9,Center Negative,Digital,No,0.50,,7.4,5.8,13.2,04033653014885,,,,,,,,,,,https://www.tonepedia.com/catalog/effects-and-pedals/reverb/skysurfer-reverb/,Skysurfer Reverb
BOSS,Japan,Beat Generator,Pedal,Sides,Buffered Bypass,Yes,9,Center Negative,Digital,No,0.4,,6.4,5.1,11.9,,,BOSS SL-20,,,,2020's,Green,,,,https://www.tonepedia.com/catalog/effects-and-pedals/ls-2-slicer/,SL-2 Slicer
Electro-Harmonix,USA,Chorus,Pedal,Top,Buffered Bypass,Yes,9,TRS,Analog,No,0.4,,8.5,5.5,13.5,,,,,,,1975,,,,,https://www.tonepedia.com/catalog/effects-and-pedals/chorus-and-vibrato/small-stone-v1-1975/,Small Stone V1 (1975)
Electro-Harmonix,USA,Chorus,Pedal,Top,Buffered Bypass,Yes,9,TRS,Analog,No,0.4,"Dimebag Darrell, Steven Wilson, Junkie XL",8.5,5.5,13.5,,,,,,,1978,,,,,https://www.tonepedia.com/catalog/effects-and-pedals/chorus-and-vibrato/small-stone-v2-1978/,Small Stone V2 (1978)
JHS Pedals,USA,Fuzz,Pedal,Top,True Bypass,Yes,9,Center Negative,Analog,No,0.38,,9.2,5.1,14.4,00650415212286,,Silicon Fuzz Faces,Legends Of Fuzz,,,,,,,,https://www.tonepedia.com/catalog/effects-and-pedals/fuzz/smiley/,Smiley
Effesk,The Netherlands,Fuzz,Pedal,Top,True Bypass,No,9,Center Negative,Analog,No,0.42,,7.9,5.3,12.9,,,Jordan Boss Tone,,,,,,,,,https://www.tonepedia.com/catalog/effects-and-pedals/fuzz/sonic-salvation/,Sonic Salvation
Electro-Harmonix,USA,Overdrive,Pedal,Sides,True Bypass,Yes,9,Center Negative,Analog,No,0.25,,7,5.4,11.5,00683274011448,Boost,Klon,,,Switchable Buffer,2010's,Yellow,,,,https://www.tonepedia.com/catalog/effects-and-pedals/overdrive-and-boost/soul-food/,Soul Food
Höfner,,Reverb,Pedal,Top,True Bypass,Yes,9,Center Negative,Digital,No,0.35,,11.7,3.6,9.2,04250358617689,,,,,,,,,,,https://www.tonepedia.com/catalog/effects-and-pedals/reverb/sound-of-the-60s/,Sound of the 60s
Voodoo Lab,USA,Overdrive,Pedal,Top,True Bypass,Yes,9,Center Negative,Analog,No,0.68,,9.5,5,12,00813140001031,,,,,Clean Blend,,,,,,https://www.tonepedia.com/catalog/effects-and-pedals/overdrive-and-boost/sparkle-drive/,Sparkle Drive
Voodoo Lab,USA,Overdrive,Pedal,Top,True Bypass,Yes,9,Center Negative,Analog,No,0.57,,15.2,5.1,17.7,00813140001086,,,,,Clean Blend,,,,,,https://www.tonepedia.com/catalog/effects-and-pedals/overdrive-and-boost/sparkle-drive-mod/,Sparkle Drive Mod
Earthquaker Devices,USA,Envelope Filter,Pedal,Top,True Bypass,No,9,Center Negative,Analog,No,0.25,,6.4,5.7,12.1,00855755007251,,,,,,,,,,,https://www.tonepedia.com/catalog/effects-and-pedals/wahs-and-filters/spatial-delivery-v2/,Spatial Delivery V2
BOSS,Taiwan,Distortion,Pedal,Sides,Buffered Bypass,Yes,9,Center Negative,Digital,No,0.44,,7.3,5.9,12.9,"04957054413309, 00761294413302",Overdrive,,,,,,,,,,https://www.tonepedia.com/catalog/effects-and-pedals/distortion/st-2-power-stack/,ST-2 Power Stack
Ibanez,Japan,Overdrive,Pedal,Sides,Buffered Bypass,Yes,9,Center Negative,Analog,No,0.45,,6.4,3.5,12.1,,,,9 Series,,,1985,,,,,https://www.tonepedia.com/catalog/effects-and-pedals/overdrive-and-boost/st-9-super-tube-screamer/,ST-9 Super Tube Screamer
Universal Audio,Malaysia,Delay,Pedal,Top,"Buffered Bypass, True Bypass",No,9,Center Negative,Digital,No,0.56,,9.2,6.5,14.1,00819937002847,,,,,,,,,,,https://www.tonepedia.com/catalog/effects-and-pedals/delay/starlight-echo/,Starlight Echo
Solodallas,USA,Boost,Pedal,Sides,True Bypass,Yes,9,Center Negative,Analog,No,0.29,Angus Young,7,5.7,12.5,,,,,,,,,,,,https://www.tonepedia.com/catalog/effects-and-pedals/overdrive-and-boost/storm/,Storm
TC Electronic,Thailand,Octaver,Pedal,Sides,True Bypass,No,9,Center Negative,Digital,No,0.19,,4.8,4.8,9.3,05706622019714,,,,,"TonePrint, Analog-Dry-Through design",,,,,,https://www.tonepedia.com/catalog/effects-and-pedals/octave-and-pitch/sub-n-up-mini-octaver/,Sub ‘n’ up Mini Octaver
Tone City,China,Phaser,Pedal,Sides,True Bypass,No,9,Center Negative,Analog,No,0.25,,4.2,5.2,9.3,06970131360127,,,Mini Pedals,,,,,,,,https://www.tonepedia.com/catalog/effects-and-pedals/vibe-and-phase-shifters/summer-orange-phaser/,Summer Orange Phaser
Marshall,,Fuzz,Pedal,Top,Buffered Bypass,Yes,9,Center Negative,Analog,No,0.85,,11,8,22.7,,,Sola Sound Tonebender MK2 Professional,,,,1968,,,,,https://www.tonepedia.com/catalog/effects-and-pedals/fuzz/supa-fuzz-1968/,Supa Fuzz (1968)
Colorsound,UK,Fuzz,Pedal,Top,Buffered Bypass,Yes,9,Center Negative,Analog,No,0.65,Steve Hackett,12,4.2,22,,,Electro Harmonix Ram's Head Big Muff,,,,,,,,,https://www.tonepedia.com/catalog/effects-and-pedals/fuzz/supa-tonebender-1974/,Supa Tonebender (1974)
Marshall,UK,Fuzz,Pedal,Top,Buffered Bypass,Yes,9,Center Negative,Analog,No,0.85,,10.2,8.2,23.7,,,,,,,1967,Grey,,,,https://www.tonepedia.com/catalog/effects-and-pedals/fuzz/supa-fuzz/,SupaFuzz (1967)
Ibanez,Japan,Distortion,Pedal,Sides,True Bypass,No,9,Center Negative,Analog,No,0.28,,5.1,5.5,9.3,04515276838098,,Ibanez SM9 Super Metal,Mini,,,,,,,,https://www.tonepedia.com/catalog/effects-and-pedals/distortion/super-metal-mini/,Super Metal Mini
Voodoo Lab,USA,Fuzz,Pedal,Top,True Bypass,Yes,9,Center Negative,Analog,No,0.66,,15.2,5.7,17.8,00813140001062,,,,,,,,,,,https://www.tonepedia.com/catalog/effects-and-pedals/fuzz/superfuzz/,Superfuzz
JHS Pedals,USA,Fuzz,Pedal,Top,True Bypass,Yes,9,Center Negative,Analog,No,0.38,,9.2,5.1,14.4,00650415212293,,univox super-fuzz,Legends Of Fuzz,,Mid Cut and Octave up Switches on side,,,,,,https://www.tonepedia.com/catalog/effects-and-pedals/fuzz/supreme/,Supreme
Carl Martin,China,Tremolo,Pedal,Top,Buffered Bypass,No,9,Center Negative,Analog,No,0.35,,6,5,11.5,00852940000509,,,Vintage Series,,,,,,,,https://www.tonepedia.com/catalog/effects-and-pedals/tremolo/surf-trem/,Surf Trem
Mad Professor,Finland,Overdrive,Pedal,Sides,True Bypass,Yes,9,Center Negative,Analog,No,0.34,"Jerry Donahue, Jeremy Freedman, Matt Schofield, Takaakira ""Taka"" Goto, Hideki ""Yoda"" Suematsu",7.9,6.1,13.7,06430033091197,,,Factory Series,,,,,"SHOD 15 07463, SHOD 17 08076",,,https://www.tonepedia.com/catalog/effects-and-pedals/overdrive-and-boost/sweet-honey-overdrive/,Sweet Honey Overdrive
Way Huge,USA,Fuzz,Pedal,Top,True Bypass,Yes,9,Center Negative,Analog,No,0.37,Wata,9.5,4.4,12.1,00710137104303,,Big Muff,,,,,,,,,https://www.tonepedia.com/catalog/effects-and-pedals/fuzz/swollen-pickle/,Swollen Pickle
BOSS,Malaysia,Synthesizer,Pedal,Sides,Buffered Bypass,Yes,9,Center Negative,Digital,No,0.45,,7.3,5.9,12.9,04957054514389,,,,,,,,,,,https://www.tonepedia.com/catalog/effects-and-pedals/guitar-synths/sy-1/,SY-1
TC Electronic,China,Vibrato,Pedal,Top,True Bypass,Yes,9,Center Negative,Analog,No,0.50,,7.4,5.8,13.2,04033653014908,,,,,,,,,,,https://www.tonepedia.com/catalog/effects-and-pedals/vibe-and-phase-shifters/tailspin-vibrato/,Tailspin Vibrato
Tone City,China,Delay,Pedal,Sides,True Bypass,No,9,Center Negative,Hybrid,No,0.25,,4.2,5.2,9.3,06970131360042,,,Mini Pedals,,,,,,,,https://www.tonepedia.com/catalog/effects-and-pedals/delay/tape-machine-delay/,Tape Machine Delay
Clonewerk,Germany,Overdrive,Pedal,Sides,True Bypass,Yes,9,Center Negative,Analog,No,0.24,,12,5,9.5,,Boost,Klon,,,,2020's,Silver,,,,https://www.tonepedia.com/catalog/effects-and-pedals/overdrive-and-boost/taurus/,Taurus
BOSS,Japan,Fuzz,Pedal,Sides,Buffered Bypass,Yes,"7, 9, 12",Center Negative,Analog,No,440,,7.3,5.9,12.9,04957054517533,,ToneBender,,,,,,,,,https://www.tonepedia.com/catalog/effects-and-pedals/fuzz/tb-2w/,TB-2W
BOSS,Taiwan,Delay,Pedal,Sides,Buffered Bypass,Yes,9,Center Negative,Digital,No,0.43,,7.3,5.9,12.9,"00761294503294, 04957054503291",Ambient,,,,,,,,,,https://www.tonepedia.com/catalog/effects-and-pedals/delay/te-2-tera-echo/,TE-2 Tera Echo
EBS,China,Overdrive,Pedal,Sides,True Bypass,Yes,9,Center Negative,Analog,No,0.30,,6.1,4.5,11,07332100421106,,,Blue Label,,,,,,,,https://www.tonepedia.com/catalog/effects-and-pedals/overdrive-and-boost/the-drive-boost-overdrive/,The Drive Boost/Overdrive
J. Rockett,USA,Overdrive,Pedal,Top,True Bypass,No,9,Center Negative,Analog,No,0.40,,5.8,5.5,10.1,00851236004481,,Dumble Overdrive Special,Tour,,,,,,,,https://www.tonepedia.com/catalog/effects-and-pedals/overdrive-and-boost/the-dude-v2/,The Dude V2
Marshall,UK,Overdrive,Pedal,Top,Buffered Bypass,Yes,9,Center Negative,Analog,No,0.50,,10.7,5,12.4,,Distortion,,,,,1989,,,,,https://www.tonepedia.com/catalog/effects-and-pedals/overdrive-and-boost/the-guvnor-1989/,The Guv’nor (1989)
RYRA,USA,Overdrive,Pedal,Top,Buffered Bypass,Yes,9,Center Negative,Analog,No,0.24,,12,5,9.5,,Boost,Klon,,,,2010's,Gold,,,,https://www.tonepedia.com/catalog/effects-and-pedals/overdrive-and-boost/the-klone/,The Klone
TC Electronic,China,Delay,Pedal,Top,True Bypass,No,,Center Negative,Digital,No,0.50,,7.4,5.8,13.2,04033653014984,,,,,,,,,,,https://www.tonepedia.com/catalog/effects-and-pedals/delay/the-prophet-digital-delay/,The Prophet Digital Delay
Solodallas,USA,Boost,Pedal,Top,True Bypass,No,9,Center Positive,Analog,No,0.30,,9.5,5.6,11.8,,,Schaffer-Vega Diversity System,,,,,,,,,https://www.tonepedia.com/catalog/effects-and-pedals/overdrive-and-boost/the-schaffer-replica/,The Schaffer Replica
Aclam,Spain,Overdrive,Pedal,Top,True Bypass,No,9,Center Negative,Analog,No,0.42,,13.7,5.5,8.8,08436552764800,Boost,,,,Pickup Simulator,2020's,Purple,,,,https://www.tonepedia.com/catalog/effects-and-pedals/overdrive-and-boost/the-woman-tone/,The Woman Tone
TC Electronic,China,Flanger,Pedal,Top,True Bypass,Yes,9,Center Negative,Analog,No,0.50,,7.4,5.8,13.2,04033653014892,,,,,,,,,,,https://www.tonepedia.com/catalog/effects-and-pedals/flanger/thunderstorm-flanger/,Thunderstorm Flanger
Höfner,,Delay,Pedal,Top,True Bypass,Yes,9,Center Negative,Analog,No,0.35,,11.7,3.6,9.2,04250358617672,,,,,,,,,,,https://www.tonepedia.com/catalog/effects-and-pedals/delay/time-and-again/,Time and Again
Tone City,China,Reverb,Pedal,Sides,True Bypass,No,9,Center Negative,Digital,No,0.25,,4.2,5.2,9.3,06970131360165,,,Mini Pedals,,,,,,,,https://www.tonepedia.com/catalog/effects-and-pedals/reverb/tiny-spring-reverb/,Tiny Spring Reverb
Aguilar,USA,Compressor,Pedal,Top,Buffered Bypass,Yes,9,Center Negative,Analog,No,0.49,,6.8,13.3,5.3,00824599001077,,,,,,2000s,Blue,,,,https://www.tonepedia.com/catalog/effects-and-pedals/compression-and-sustain/tlc-compressor/,TLC Compressor
Behringer,China,Amp Modeler,Pedal,Sides,Buffered Bypass,Yes,9,Center Negative,Digital,No,0.3,,8.6,6.1,15.6,00689076112413,,Tech 21 GT2,Compact,,,,Blue,,,,https://www.tonepedia.com/catalog/effects-and-pedals/amp-modeling/tm300-tube-amp-modeler/,TM300 Tube Amp Modeler
Behringer,China,Overdrive,Pedal,Sides,Buffered Bypass,Yes,9,Center Negative,Analog,No,.3,,8.6,6.1,15.6,00689076111812,,,Compact,,,,,,,,https://www.tonepedia.com/catalog/effects-and-pedals/overdrive-and-boost/to800-vintage-tube-overdrive/,TO800 Vintage Tube Overdrive
Vox,UK,Fuzz,Pedal,Top,Buffered Bypass,Yes,9,,Analog,No,0.90,,10.5,6,21.5,,,,,,,1968,,,,,https://www.tonepedia.com/catalog/effects-and-pedals/fuzz/tone-bender-mk3-1968/,Tone Bender MK3 (1968)
Sola Sound,UK,Fuzz,Pedal,Top,Buffered Bypass,Yes,9,,Analog,No,0.6,"Noel Gallagher, Steve Hackett, Seasick Steve",90,40,21.5,,,,,,,1972,,,,,https://www.tonepedia.com/catalog/effects-and-pedals/fuzz/tone-bender-mk3-1972/,Tone Bender MK3 (1972)
Sola Sound,UK,Fuzz,Pedal,Top,Buffered Bypass,Yes,9,,Analog,No,0.60,,21.5,9,4,,,,,,,'90s,,,,,https://www.tonepedia.com/catalog/effects-and-pedals/fuzz/tone-bender-mk3-1990s/,Tone Bender MK3 (1990s)
Vox,Italy,Fuzz,Pedal,Top,True Bypass,Yes,9,,Analog,No,0.75,"Jimmy Page, Jimi Hendrix",11,8,21.6,,,,Tone Bender,,,1968,,,,,https://www.tonepedia.com/catalog/effects-and-pedals/fuzz/tone-bender-v828-1968/,Tone Bender V828 (1968)
Vox,Italy,Fuzz,Pedal,Top,Buffered Bypass,Yes,9,Center Negative,Analog,No,0.75,"Jimmy Page, Jimi Hendrix",11,8,21.6,,,,Tone Bender,,,1968,,,,,https://www.tonepedia.com/catalog/effects-and-pedals/fuzz/tone-bender-v828-1968-2/,Tone Bender V828 (1968)
Sola Sound,UK,Fuzz,Pedal,Top,Buffered Bypass,Yes,9,,Analog,No,0.90,,10.5,6,21.5,,,,,,2 Transistors instead of 3,1966,,,,,https://www.tonepedia.com/catalog/effects-and-pedals/fuzz/tonebender-mk1-5-1966/,Tonebender MK1.5 (1966)
BOSS,Taiwan,Tremolo,Pedal,Sides,Buffered Bypass,Yes,9,Center Negative,Digital,No,0.40,"Eric Clapton, Billie Joe Armstrong, Tom Morello, Dan Auerbach, Noel Gallagher, Jonny Buckland",7.3,5.9,12.9,"00761294042656, 04957054042653",,,,,,,,,,,https://www.tonepedia.com/catalog/effects-and-pedals/tremolo/tr-2-tremolo/,TR-2 Tremolo
Höfner,,Treble Booster,Pedal,Top,True Bypass,Yes,9,Center Negative,Analog,No,0.35,,11.7,9.2,3.6,04250358617665,,Dallas Rangemaster,,,,,,,,,https://www.tonepedia.com/catalog/effects-and-pedals/overdrive-and-boost/treble-boost/,Treble Boost
Voodoo Lab,USA,Tremolo,Pedal,Top,True Bypass,Yes,9,Center Negative,Analog,No,0.66,,15.2,5.7,17.8,00813140001048,,,,,,,,,,,https://www.tonepedia.com/catalog/effects-and-pedals/tremolo/tremolo-2/,Tremolo
Anasounds,France,Tremolo,Pedal,Top,True Bypass,No,9,Center Negative,Analog,No,0.50,,12,8,16,03760257570936,,,,,Spinner Expression Pedal,,,,,,https://www.tonepedia.com/catalog/effects-and-pedals/tremolo/tremolo/,Tremolo
Ibanez,Japan,Tremolo,Pedal,Sides,True Bypass,No,9,Center Negative,Analog,No,0.28,,5.1,5.5,9.2,04549763250568,,,MINI Series,https://www.youtube.com/watch?v=u2lkqz9GPk4,,,,,,,https://www.tonepedia.com/catalog/effects-and-pedals/tremolo/ibanez-tremolo-mini/,Tremolo Mini
Electro-Harmonix,,Fuzz,Pedal,Sides,True Bypass,Yes,9,Center Negative,Analog,No,0.35,,7,5.3,11.4,00683274012162,Distortion,Electro-Harmonix Big Muff Pi V1,,,,,,,,,https://www.tonepedia.com/catalog/effects-and-pedals/fuzz/triangle-big-muff/,Triangle Big Muff
Diamond Pedals,Canada,Tremolo,Pedal,Sides,True Bypass,Yes,9,Center Negative,Analog,No,0.45,,11.9,5.1,9.3,00799491184480,,,,,"Tap tempo and footswitchable double speed mode, User selectable waveforms (sharkfin, sinewave, square wave and ‘chop’)",,,,,,https://www.tonepedia.com/catalog/effects-and-pedals/tremolo/trm1-tremolo/,TRM1 Tremolo
UAD,USA,Overdrive,Plugin,,,,,,Digital,No,,,,,,,,Ibanez Tubescreamer,,,,,,,,,https://www.tonepedia.com/catalog/effects-and-pedals/overdrive-and-boost/ts-overdrive/,TS Overdrive
Ibanez,Japan,Overdrive,Pedal,Top,Buffered Bypass,Yes,9,Center Negative,Analog,No,0.4,"John Mayer, Stevie Ray Vaughan, Mike McCready, Gary Moore, Brian Setzer",7,5.4,12.5,,,,10 Series,,,,,,,,https://www.tonepedia.com/catalog/effects-and-pedals/overdrive-and-boost/ts10/,TS10
Ibanez,Japan,Overdrive,Pedal,Sides,Buffered Bypass,Yes,9,Center Negative,Analog,No,0.58,"John Mayer, John Frusciante, James Hetfield, Stevie Ray Vaughan, George Harrison",6.5,5.3,12.5,,,,,,,1981,,,,,https://www.tonepedia.com/catalog/effects-and-pedals/overdrive-and-boost/ts808-1981-jrc4558d/,TS808 (1981 – JRC4558D)
Ibanez,Japan,Overdrive,Pedal,Sides,Buffered Bypass,Yes,9,Center Negative,Analog,No,0.58,,6.5,12.5,5.3,,,,800 series,,TL4558P Chip,1981,,,,,https://www.tonepedia.com/catalog/effects-and-pedals/overdrive-and-boost/ts808-1981-tl4558p/,TS808 (1981 – TL4558P)
Ibanez,Japan,Overdrive,Pedal,Sides,Buffered Bypass,Yes,9,Center Negative,Analog,No,0.30,,5.5,7,12,,,,800 series,,,1979,,,,,https://www.tonepedia.com/catalog/effects-and-pedals/overdrive-and-boost/ts808-narrow-box-1979/,TS808 narrow box (1979)
Ibanez,Japan,Overdrive,Pedal,Sides,Buffered Bypass,Yes,9,Center Negative,Analog,No,0.50,Stevie Ray Vaughan,7,5.2,12.5,"04515110309388, 00606559309382",,,,,,,,,,,https://www.tonepedia.com/catalog/effects-and-pedals/overdrive-and-boost/ts808-tube-screamer/,TS808 Tube Screamer
Ibanez,Japan,Overdrive,Pedal,Sides,Buffered Bypass,Yes,9,Center Negative,Analog,No,0.57,,7.4,5,12.4,,,,9 series,,JRC2043DD Chip,1981,,,,,https://www.tonepedia.com/catalog/effects-and-pedals/overdrive-and-boost/ts9-1981/,TS9 (1981)
Ibanez,Japan,Overdrive,Pedal,Sides,Buffered Bypass,Yes,9,Center Negative,Analog,No,5.7,,7.4,5.3,12.4,"04515110031159, 00606559031153",,Ibanez TS-808,Tube Screamer,,,,,,,,https://www.tonepedia.com/catalog/effects-and-pedals/overdrive-and-boost/ts9-tube-screamer/,TS9 Tube Screamer
Chandler Industries,USA,Overdrive,Pedal,Top,Buffered Bypass,No,12,Center Negative,Analog,Yes,1,"david Gilmour, Billy Gibbons, Eric Johnson, Joe Satriani",10.5,9,17.1,,,B.K Butler Tube Driver,,,,1988,Cream,207947,,,https://www.tonepedia.com/catalog/effects-and-pedals/overdrive-and-boost/tube-driver-1988/,Tube Driver (1988)
TC Electronic,China,Overdrive,Pedal,Top,True Bypass,No,9,Center Negative,Analog,Yes,0.50,,7.4,5.8,13.2,04033653015295,,,,,,,,,,,https://www.tonepedia.com/catalog/effects-and-pedals/overdrive-and-boost/tube-pilot-overdrive/,Tube Pilot Overdrive
Ibanez,Japan,Overdrive,Pedal,Sides,True Bypass,No,9,Center Negative,Analog,No,0.28,,5.1,5.5,9.2,00887802121061,,TS-808,MINI Series,https://www.youtube.com/watch?v=qCvBD--rJQ8,,,,,,,https://www.tonepedia.com/catalog/effects-and-pedals/overdrive-and-boost/ibanez-tube-screamer-mini-affordable-compact-tube-screamer/,Tube Screamer Mini
JAM Pedals,Greece,Overdrive,Pedal,Sides,True Bypass,Yes,9,Center Negative,Analog,No,0.23,,6,3,11,"05214001611102, 04051463362125",,,,,,,,,,,https://www.tonepedia.com/catalog/effects-and-pedals/overdrive-and-boost/tubedreamer/,Tubedreamer
Wampler,USA,Overdrive,Pedal,Sides,True Bypass,No,9,Center Negative,Analog,No,0.39,,3.8,3.8,8.9,00763815129143,,,,https://www.youtube.com/watch?v=FpGfCOKsvso,,,,,,857527003331,https://www.tonepedia.com/catalog/effects-and-pedals/overdrive-and-boost/tumnus/,Tumnus
Höfner,,Overdrive,Pedal,Top,True Bypass,Yes,9,Center Negative,Analog,No,0.35,,11.7,3.6,9.2,04250358617658,,,,,,,,,,,https://www.tonepedia.com/catalog/effects-and-pedals/overdrive-and-boost/twin-channel-overdrive/,Twin Channel Overdrive
Behringer,China,Chorus,Pedal,Sides,Buffered Bypass,Yes,9,Center Negative,Analog,No,.3,,8.6,6.1,15.6,00689076752473,,,Compact,,,,,,,,https://www.tonepedia.com/catalog/effects-and-pedals/chorus-and-vibrato/behringer-uc200-ultra-chorus/,UC200 Ultra Chorus
Behringer,China,Distortion,Pedal,Sides,Buffered Bypass,Yes,9,Center Negative,Analog,No,.3,,8.6,6.1,15.6,00689076752572,,BOSS MT-2,Compact,,,,,,,,https://www.tonepedia.com/catalog/effects-and-pedals/distortion/behringer-um300-ultra-metal/,UM300 Ultra Metal
EBS,China,Chorus,Pedal,Sides,True Bypass,No,9,Center Negative,Analog,No,0.40,Jeff Berlin,7,3.5,11.5,07332100030209,,,,,Stereo Output,,,,,,https://www.tonepedia.com/catalog/effects-and-pedals/chorus-and-vibrato/unichorus-studio-edition/,UniChorus Studio Edition
Joyo,China,Distortion,Pedal,Sides,True Bypass,Yes,9,Center Negative,Analog,No,0.24,,6.2,5.6,11.8,06943206702344,,Suhr Riot,30 series,,,,,,,,https://www.tonepedia.com/catalog/effects-and-pedals/distortion/us-dream/,US Dream
Anasounds,France,Delay,Pedal,Top,True Bypass,Yes,9,Center Negative,Analog,No,0.29,,6.4,5.9,11.8,03760257570066,Modulation,,,,,,,,,,https://www.tonepedia.com/catalog/effects-and-pedals/delay/utopia-analog-delay/,Utopia Analog Delay
Behringer,China,Vibrato,Pedal,Sides,Buffered Bypass,Yes,9,Center Negative,Analog,No,.3,,8.6,6.1,15.6,05052441563465,,,Compact,,,,,,,,https://www.tonepedia.com/catalog/effects-and-pedals/chorus-and-vibrato/uv300-ultra-vibrato-behringer-pedal/,UV300 Ultra Vibrato
Vox,Italy,Wah,Pedal,Sides,True Bypass,Yes,9,Center Negative,Analog,No,0.9,,10.3,9.2,25.5,,,,,,,1970,Black,49803,,,https://www.tonepedia.com/catalog/effects-and-pedals/wahs-and-filters/v846-wah-1970/,V846 Wah (1970)
BOSS,Taiwan,Vibrato,Pedal,Sides,Buffered Bypass,Yes,9,Center Negative,Analog,No,0.45,,7.3,5.9,12.9,"04957054508654, 00761294508657",,,Waza Craft Series,,,,,,,,https://www.tonepedia.com/catalog/effects-and-pedals/vibe-and-phase-shifters/vb-2w-vibrato/,VB-2W Vibrato
Ibanez,Japan,Overdrive,Pedal,Sides,True Bypass,No,9,Center Negative,Analog,No,0.43,,7,5.6,12,04549763194206,,,,,,,Green,,TSV808,,https://www.tonepedia.com/catalog/effects-and-pedals/overdrive-and-boost/vemuram-tsv808/,Vemuram TSV808
Schaller,Germany,Fuzz,Pedal,One side,Buffered Bypass,Yes,9,,Analog,No,0.45,,15,2.5,5,,,,,,,1966,,,,,https://www.tonepedia.com/catalog/effects-and-pedals/fuzz/verzerrer-fuzz/,Verzerrer Fuzz
Beetronics,USA,Fuzz,Pedal,Sides,True Bypass,No,9,Center Negative,Analog,No,0.32,,6.3,5.7,11.4,00604947161208,Octaver,,,,,,,,,,https://www.tonepedia.com/catalog/effects-and-pedals/fuzz/vezzpa/,Vezzpa
Diamond Pedals,Canada,Vibrato,Pedal,Sides,True Bypass,No,9,Center Positive,Analog,No,0.48,,12,5.4,12,00682500016837,,,,,,,,,,,https://www.tonepedia.com/catalog/effects-and-pedals/vibe-and-phase-shifters/vib1-vibrato/,VIB1 Vibrato
Drybell,Croatia,Vibe,Pedal,Sides,True Bypass,No,9,Center Negative,Analog,No,0.28,"Steve Stevens, Andy Susemihl",6,3.1,11.2,07426806174425,,,,,,,,,,,https://www.tonepedia.com/catalog/effects-and-pedals/vibe-and-phase-shifters/vibe-machine/,Vibe Machine
TC Electronic,China,Rotary,Pedal,Top,Buffered Bypass,No,9,Center Negative,Digital,No,0.50,,7.4,5.8,13.2,04033653015301,,,,,,,,,,,https://www.tonepedia.com/catalog/effects-and-pedals/vibe-and-phase-shifters/vibraclone-rotary/,Vibraclone Rotary
Darkglass Electronics,Finland,Overdrive,Pedal,Sides,Buffered Bypass,No,9,Center Negative,Analog,No,0.25,,7.5,4.5,11.3,"00881314190607, 00881314190577",,,,,,,,,,,https://www.tonepedia.com/catalog/effects-and-pedals/overdrive-and-boost/vintage-microtubes/,Vintage Microtubes
Harley Benton,China,Overdrive,Pedal,Sides,True Bypass,Yes,9,Center Negative,Digital,No,.3,,6.4,3.8,11.8,,,"Ibanez TS-9, Ibanez TS-808",,,,2010s,Green,,,,https://www.tonepedia.com/catalog/effects-and-pedals/overdrive-and-boost/harley-benton-vintage-overdrive/,Vintage Overdrive
TC Electronic,Thailand,Flanger,Pedal,Top,True Bypass,No,9,Center Negative,Digital,No,0.19,Steve Stevens,4.8,4.8,9.3,05706622019677,,,,,,,,,,,https://www.tonepedia.com/catalog/effects-and-pedals/flanger/vortex-mini-flanger/,Vortex Mini Flanger
Walrus Audio,USA,Overdrive,Pedal,Sides,True Bypass,Yes,9,Center Negative,Analog,No,0.26,Albert Hammond Jr,7.4,5.8,12.1,00852732006139,,,,,,,Green,,,,https://www.tonepedia.com/catalog/effects-and-pedals/overdrive-and-boost/voyager/,Voyager
Walrus Audio,USA,Overdrive,Pedal,Sides,True Bypass,No,9,Center Negative,Analog,No,0.26,,6.6,5.8,12.1,00852732006566,,,,,,,,,,,https://www.tonepedia.com/catalog/effects-and-pedals/overdrive-and-boost/warhorn-mid-range-overdrive/,Warhorn Mid-Range Overdrive
JAM Pedals,Greece,Chorus,Pedal,Sides,True Bypass,Yes,9,Center Negative,Analog,No,0.30,,7.5,5.6,12,05214001611041,,,,,,,,,,,https://www.tonepedia.com/catalog/effects-and-pedals/chorus-and-vibrato/waterfall/,Waterfall
JAM Pedals,Greece,Chorus,Pedal,Sides,True Bypass,No,,Center Negative,Analog,No,0.30,,7.5,5.6,12,05214001611263,,,,,,,,,,,https://www.tonepedia.com/catalog/effects-and-pedals/chorus-and-vibrato/waterfall-bass/,Waterfall Bass
Earthquaker Devices,USA,Overdrive,Pedal,Top,True Bypass,Yes,9,Center Negative,Analog,No,0.28,,,,,00855755007275,,,,,,,,,,,https://www.tonepedia.com/catalog/effects-and-pedals/overdrive-and-boost/westwood/,Westwood
red sun fx,Germany,Fuzz,Pedal,Sides,True Bypass,No,9,Center Negative,Analog,No,0.30,"Jon Skibic, Guido Knollmann",10,11.6,5.2,,,Dallas Arbiter Fuzz Face,,,,,,,,,https://www.tonepedia.com/catalog/effects-and-pedals/fuzz/white-fuzz/,White Fuzz
Tone City,China,Distortion,Pedal,Sides,True Bypass,No,9,Center Negative,Analog,No,0.25,,4.2,5.2,9.3,06970131360011,,,Mini Pedals,,,,,,,,https://www.tonepedia.com/catalog/effects-and-pedals/distortion/wild-fire-distortion/,Wild Fire Distortion
Aclam,Spain,Overdrive,Pedal,Top,Buffered Bypass,No,9,Center Negative,Analog,No,0.45,Pete Townsend,13.6,5.5,8.7,08436552763438,,Grampian 636 Spring Reverb Pre Amp,,,,,,,,,https://www.tonepedia.com/catalog/effects-and-pedals/overdrive-and-boost/windmiller-drive/,Windmiller Drive
Wish,China,Overdrive,Pedal,Top,True Bypass,No,9,Center Negative,Analog,No,0.2,,12,3.5,9,,Boost,Klon,,,,2010's,Gold,,,,https://www.tonepedia.com/catalog/effects-and-pedals/overdrive-and-boost/wish-klon/,Wish Klon
KMA Audio Machines,Germany,Distortion,Pedal,Sides,True Bypass,No,9,Center Negative,Analog,No,0.33,,9.2,5.3,11.8,00651650248856,,BOSS HM-2,,,,,,,,,https://www.tonepedia.com/catalog/effects-and-pedals/distortion/wurm/,Wurm
Keeley,USA,"Delay, Reverb",Pedal,Top,True Bypass,No,9,Center Negative,Digital,No,0.45,,9.5,5,12,00854295005734,,,,,,,,,,,https://www.tonepedia.com/catalog/effects-and-pedals/delay/caverns/?attribute_pa_colour=custom-art,Caverns
